index,published,keyword,domain,language,valid,title,description,url,image,archive,content,quote,de,en,la,added
2dc51b4aa95339e2b91542d537022189,2026-02-01T11:06:41Z,'Frühling',www.zeit.de,de,0.9,Wintersport: Rennsteig-Skiwanderweg fast durchgängig befahrbar,Hier finden Sie Informationen zu dem Thema „Wintersport“. Lesen Sie jetzt „Rennsteig-Skiwanderweg fast durchgängig befahrbar“.,https://www.zeit.de/news/2026-02/01/rennsteig-skiwanderweg-fast-durchgaengig-befahrbar,https://img.zeit.de/news/2026-02/01/rennsteig-skiwanderweg-fast-durchgaengig-befahrbar-image-group/wide__1300x731,,Nach zwei mauen Wintern für Skilangläufer ist Thüringens bekanntester Skiwanderweg in diesem Winter wieder nahezu durchgängig befahrbar. Von 19 Abschnitten des Rennsteig-Skiwanderwegs sind derzeit 17… [+1154 chars],,Wintersport: Rennsteig-Skiwanderweg fast durchgängig befahrbar. Hier finden Sie Informationen zu dem Thema „Wintersport“. Lesen Sie jetzt „Rennsteig-Skiwanderweg fast durchgängig befahrbar“.,Winter sports: Rennsteig ski hiking trail is almost entirely passable. Here you will find information on the topic of “winter sports”. Now read “Rennsteig ski hiking trail is almost entirely passable”.,"Ludis hibernis: Rennsteig ski hiking vestigia fere omnino pervia est. Hic informationes invenies in argumento ""ludii hiemalis"". Nunc lege ""Rennsteig ski hiking trail is fere omnino pervius est"".",2026-02-03 20:49:11+00:00
3d0034230d1ba2344a3652546a1ca6aa,2026-02-02T05:00:00Z,'Schnee',www.diepresse.com,de,0.9,Wie überlebt eine Schneerose? [premium],"Minus zehn Grad und weniger – und die Pflanze trotzt der Kälte. Um das auszuhalten, nutzt sie allerlei Strategien, Frostschutzmittel inklusive.",https://www.diepresse.com/20530565/wie-ueberlebt-eine-schneerose,https://img.diepresse.com/public/incoming/6591ss-kein-titel/alternates/DPR_SOCIAL_MAGAZIN/kein%20Titel,http://web.archive.org/web/20260202065240/https://www.diepresse.com/20530565/wie-ueberlebt-eine-schneerose,"Es ist ein fast unglaublicher Anblick. Just in der kargen, kalten Jahreszeit wärmt die Schneerose mit ihren weiß-grünen bis zart-rosa Blüten die Herzen der Betrachter. Doch wie wappnet sie sich gegen… [+3131 chars]",,"Wie überlebt eine Schneerose? [premium]. Minus zehn Grad und weniger – und die Pflanze trotzt der Kälte. Um das auszuhalten, nutzt sie allerlei Strategien, Frostschutzmittel inklusive.","How does a snow rose survive? [premium]. Minus ten degrees or less – and the plant defies the cold. To endure this, she uses all sorts of strategies, including antifreeze.","Quomodo rosa nix manet? [premium]. Minus decem gradus vel minus – et planta frigus contempnit. Hoc ut sustineat, omnibus artibus utitur, etiam antifreeze.",2026-02-04 10:50:34+00:00
b5d663483492c7b096f9c092c57236bc,2026-02-01T17:03:26Z,'Schnee',www.faz.net,de,0.9,"Schnee, Orkanböen, Sturmfluten: Bombenzyklon trifft USA","Eine gefährliche Kältewelle erfasst den Süden der USA. In North Carolina fallen örtlich Schneemengen, die zu den höchsten seit Beginn der Aufzeichnungen zählen.",https://www.faz.net/aktuell/gesellschaft/bombenzyklon-trifft-usa-north-carolina-versinkt-im-schnee-accg-200495220.html,https://media0.faz.net/image/w1200h627/91131d3cd1e5/w4000h2090x0y169o/202602/43601.0.1725169934/streugut-ist-dieser-tage-in.webp,http://web.archive.org/web/20260201200716/https://www.faz.net/aktuell/gesellschaft/bombenzyklon-trifft-usa-north-carolina-versinkt-im-schnee-accg-200495220.html,"Ein schwerer Wintersturm hat Schnee, Orkanböen, Sturmfluten und gefährliche Kälte in den Südosten der USA gebracht. Ein Tiefdruckgebiet vor der Küste entwickelte sich in der Nacht zum Sonntag nach An… [+1799 chars]",,"Schnee, Orkanböen, Sturmfluten: Bombenzyklon trifft USA. Eine gefährliche Kältewelle erfasst den Süden der USA. In North Carolina fallen örtlich Schneemengen, die zu den höchsten seit Beginn der Aufzeichnungen zählen.","Snow, hurricane force winds, storm surges: bomb cyclone hits USA. A dangerous cold wave is gripping the southern United States. In North Carolina, local snowfall amounts are among the highest on record.","Nix, procellae vis ventorum, aestus procellae: bomb cyclone USA pervenit. Unda frigida periculosa in Civitatibus Foederatis Americae meridionalis tenet. In North Carolina, copiae locorum nix inter summos memoriae sunt.",2026-02-04 15:53:08+00:00
2d309b7c07f62b437fe7254016830aba,2026-02-04T14:16:48Z,'Glatteis',www.tagesspiegel.de,de,0.9,Der Winter aus Sicht eines Meteorologen: Berlin erlebt kältesten Januar seit 16 Jahren – und es gibt wieder Eisregen,"Dauerfrost, Eisregen: Der Januar war außergewöhnlich kalt und trocken. Meteorologe Jörg Riemann erklärt, was das für die Umwelt bedeutet, was die nächsten Tage bringen und wann ein Umschwung zu erwarten ist.",https://www.tagesspiegel.de/berlin/der-winter-aus-sicht-eines-meteorologen-berlin-erlebt-kaltesten-januar-seit-16-jahren--und-es-gibt-wieder-eisregen-15218202.html,https://www.tagesspiegel.de/images/15218137/alternates/BASE_16_9_W1400/1770211875000/eiszeit-in-berlin.jpeg,,"Berlin hat im Januar einen Winter erlebt, wie ihn viele längst vergessen glaubten: dauerhaft frostig, ungewöhnlich trocken und zeitweise sehr glatt. Wir haben tatsächlich den kältesten Januar seit 16… [+3465 chars]",,"Der Winter aus Sicht eines Meteorologen: Berlin erlebt kältesten Januar seit 16 Jahren – und es gibt wieder Eisregen. Dauerfrost, Eisregen: Der Januar war außergewöhnlich kalt und trocken. Meteorologe Jörg Riemann erklärt, was das für die Umwelt bedeutet, was die nächsten Tage bringen und wann ein Umschwung zu erwarten ist.","Winter from a meteorologist's perspective: Berlin is experiencing its coldest January in 16 years - and there is freezing rain again. Permanent frost, freezing rain: January was exceptionally cold and dry. Meteorologist Jörg Riemann explains what this means for the environment, what the next few days will bring and when a change can be expected.","Hiems ex prospectu meteorologistae: Berlin experitur suum frigidissimum Ianuario XVI annos - et iterum pluviam rigens. Ianuarius perpetuus, frigidus et siccus erat. Meteorologist Jörg Riemann exponit, quid hoc significet in ambitu, quid insequentes dies afferat et quando mutationi postulari potest.",2026-02-06 05:59:56+00:00
6e1b663545d8a96a9f7c7cd6ed367917,2026-02-04T16:52:15Z,'Glatteis',www.tagesspiegel.de,de,0.9,Berliner Gericht kippt Freigabe für Streusalz: Wie Kai Wegner und sein Senat ausrutschten,Das gerichtliche Streusalzverbot ist die nächste Wendung in Berlins Tanz auf dem Glatteis. Handelte der Senat erst zu langsam und dann zu schnell? Eine Rekonstruktion.,https://www.tagesspiegel.de/berlin/berliner-gericht-kippt-freigabe-fur-streusalz-wie-kai-wegner-und-sein-senat-ausrutschten-15219055.html,https://www.tagesspiegel.de/images/15220034/alternates/BASE_16_9_W1400/1770220847000/eisige-temperaturen-in-berlin-und-brandenburg.jpeg,http://web.archive.org/web/20260205085742/https://www.tagesspiegel.de/berlin/berliner-gericht-kippt-freigabe-fur-streusalz-wie-kai-wegner-und-sein-senat-ausrutschten-15219055.html,"Gerade konnten Berlins Straßen an vielen Stellen vom Glatteis befreit werden, da kommt für den Senat erneut eine schlechte Nachricht: Die Erlaubnis des Senats, Streusalz auf Berlins Gehwegen einzuset… [+946 chars]",,Berliner Gericht kippt Freigabe für Streusalz: Wie Kai Wegner und sein Senat ausrutschten. Das gerichtliche Streusalzverbot ist die nächste Wendung in Berlins Tanz auf dem Glatteis. Handelte der Senat erst zu langsam und dann zu schnell? Eine Rekonstruktion.,Berlin court overturns approval for road salt: How Kai Wegner and his Senate slipped up. The court ban on road salt is the next twist in Berlin's dance on black ice. Did the Senate act too slowly and then too quickly? A reconstruction.,"Curia Berolinensis approbationem pro itinere salis evertit: Quomodo Kai Wegner et senatus eius exciderant. Atrium bannum in via sal proximum est in choro in glacie nigro Berolinensi torquent. senatus nimium tardius, deinde nimis cito? Reparatio.",2026-02-06 05:59:56+00:00
dd86f9f87d3d02255a68eafa4b8f67e5,2026-02-04T17:16:02Z,'Schnee',www.tagesspiegel.de,de,0.9,Erneut Eisregen in Potsdam erwartet: Wetterdienst warnt vor markanter Glätte,In der Nacht auf Donnerstag werden erneut Schnee und Regen bei Minustemperaturen erwartet. Laut Wetterdienst sind „unwetterartige Entwicklungen“ möglich.,https://www.tagesspiegel.de/potsdam/landeshauptstadt/erneut-eisregen-in-potsdam-erwartet-wetterdienst-warnt-vor-markanter-glatte-15220200.html,https://www.tagesspiegel.de/images/15220210/alternates/BASE_16_9_W1400/1770223525000/wetter.jpeg,http://web.archive.org/web/20260205091015/https://www.tagesspiegel.de/potsdam/landeshauptstadt/erneut-eisregen-in-potsdam-erwartet-wetterdienst-warnt-vor-markanter-glatte-15220200.html,"Der Deutsche Wetterdienst warnt in der Nacht auf Donnerstag vor markanter Glätte in Potsdam. Bis Donnerstag 10 Uhr bestehe erhöhte Glättegefahr durch Schnee, der gegen Morgen in gefrierenden Regen üb… [+1375 chars]",,Erneut Eisregen in Potsdam erwartet: Wetterdienst warnt vor markanter Glätte. In der Nacht auf Donnerstag werden erneut Schnee und Regen bei Minustemperaturen erwartet. Laut Wetterdienst sind „unwetterartige Entwicklungen“ möglich.,"Freezing rain expected again in Potsdam: Weather service warns of significant slippery conditions. Snow and rain and temperatures below zero are expected again on Thursday night. According to the weather service, “severe weather-like developments” are possible.","Imber glacians in Potsdam iterum expectatus: Tempestas admonet officium condiciones lubricae significantes. Nives et pluviae et temperaturae infra zerum exspectantur iterum in Iovis nocte. Secundum ministerium tempestatum, ""graves tempestatum progressus"" fieri possunt.",2026-02-06 05:59:56+00:00
cafd5e42ba0655e73cb296faef06d281,2026-02-04T17:32:07Z,'Glatteis',www.welt.de,de,0.9,„Ihr seid echt nicht zu beneiden – Das ist ja Wahnsinn“,"Der Regierende Bürgermeister Kai Wegner (CDU) appelliert via Social Media für eine Lockerung des Streusalz-Verbotes in Berlin aufgrund von extremen Glatteis. „Dann wird das Salz freigegeben und dann stellt man fest, dass man gar nicht genug eingelagert hat“, …",https://www.welt.de/mediathek/talk/meine-welt-meine-meinung/video69837eed7b36aca4994f7287/jan-fleischhauer-ihr-seid-echt-nicht-zu-beneiden-das-ist-ja-wahnsinn.html,https://images.welt.de/69837eed7b36aca4994f7287/b0b512d7a7b54ccd8a829f12e2a4baae-master/ci16x9-w1200/fleischhauer-2811-png,http://web.archive.org/web/20260205114731/https://www.welt.de/mediathek/talk/meine-welt-meine-meinung/video69837eed7b36aca4994f7287/jan-fleischhauer-ihr-seid-echt-nicht-zu-beneiden-das-ist-ja-wahnsinn.html,Der Regierende Bürgermeister Kai Wegner (CDU) appelliert via Social Media für eine Lockerung des Streusalz-Verbotes in Berlin aufgrund von extremem Glatteis. Dann wird das Salz freigegeben und dann s… [+149 chars],,"„Ihr seid echt nicht zu beneiden – Das ist ja Wahnsinn“. Der Regierende Bürgermeister Kai Wegner (CDU) appelliert via Social Media für eine Lockerung des Streusalz-Verbotes in Berlin aufgrund von extremen Glatteis. „Dann wird das Salz freigegeben und dann stellt man fest, dass man gar nicht genug eingelagert hat“, …","“You’re really not to be envied – that’s crazy.” Governing Mayor Kai Wegner (CDU) appeals via social media for a relaxation of the road salt ban in Berlin due to extreme black ice. “Then the salt is released and then you realize that you haven’t stored enough,” …","""Vere non invidendus es - quod est insanus."" Majorem gubernationem Kai Wegner (CDU) appellat via socialis instrumentorum ad relaxationem viae salis banni in Berlin ob nimiam glaciem nigram. ""Tunc sal dimittitur et tunc scias te non satis conditum esse"" ...",2026-02-06 05:59:56+00:00
e1b78b1efcea91e702e2e66620583a42,2026-02-04T18:31:27Z,'Glatteis',www.stern.de,de,0.9,Winter: Unwetterwarnung vor Glatteis,Glatteis könnte in Berlin und Brandenburg zu erheblichen Problemen führen. Warum der Deutsche Wetterdienst von Fahrten und unnötigen Wegen dringend abrät und welche Orte betroffen sind.,https://www.stern.de/gesellschaft/regional/berlin-brandenburg/winter--unwetterwarnung-vor-glatteis-37107700.html,https://image.stern.de/37107702/t/Ix/v1/w1440/r1.7778/-/04--zyzyyrlmo7v8axs2048jpeg---cfddb823f81102c0.jpg,http://web.archive.org/web/20260205190753/https://www.stern.de/gesellschaft/regional/berlin-brandenburg/winter--unwetterwarnung-vor-glatteis-37107700.html,"Kopiere den aktuellen Link
Zur Merkliste hinzufügen
Glatteis könnte in Berlin und Brandenburg zu erheblichen Problemen führen. Warum der Deutsche Wetterdienst von Fahrten und unnötigen Wegen dringe… [+670 chars]",,Winter: Unwetterwarnung vor Glatteis. Glatteis könnte in Berlin und Brandenburg zu erheblichen Problemen führen. Warum der Deutsche Wetterdienst von Fahrten und unnötigen Wegen dringend abrät und welche Orte betroffen sind.,Winter: Storm warning for black ice. Black ice could cause significant problems in Berlin and Brandenburg. Why the German Weather Service strongly advises against trips and unnecessary journeys and which places are affected.,Hiems: Tempestas monitus est glacies nigra. Glacies nigra potuit quaestiones significantes in Berolinensi et Brandenburgico efficere. Quare Service Tempestatis Germanicae valde admonet contra itinera et itinera supervacua et quae loca afficiuntur.,2026-02-06 05:59:56+00:00
9ed4d4c4e3f744239c7b5096fa5e25c5,2026-02-04T18:31:27Z,'Glatteis',www.zeit.de,de,0.9,Winter: Unwetterwarnung vor Glatteis,Hier finden Sie Informationen zu dem Thema „Winter“. Lesen Sie jetzt „Unwetterwarnung vor Glatteis“.,https://www.zeit.de/news/2026-02/04/unwetterwarnung-vor-glatteis,https://img.zeit.de/news/2026-02/04/unwetterwarnung-vor-glatteis-image-group/wide__1300x731,http://web.archive.org/web/20260204185520/https://www.zeit.de/news/2026-02/04/unwetterwarnung-vor-glatteis,"Für Teile Brandenburgs und Berlins hat der Deutsche Wetterdienst eine amtliche Unwetterwarnung vor Glatteis herausgegeben. Die Warnung, die auch über Warnapps wie Nina verbreitet wurde, gilt für Donn… [+469 chars]",,Winter: Unwetterwarnung vor Glatteis. Hier finden Sie Informationen zu dem Thema „Winter“. Lesen Sie jetzt „Unwetterwarnung vor Glatteis“.,Winter: Storm warning for black ice. Here you will find information on the topic of “Winter”. Read “Severe weather warning for black ice” now.,"Hiems: Tempestas monitus est glacies nigra. Hic informationes invenies in argumento ""Hiemalis"". Legere ""Tempestas gravis admonitio ad glaciem nigram"" nunc.",2026-02-06 05:59:56+00:00
315f938644411a37c83f5a294cee607a,2026-02-04T18:32:41Z,'Glatteis',www.tagesspiegel.de,de,0.9,Winter: Unwetterwarnung vor Glatteis,Glatteis könnte in Berlin und Brandenburg zu erheblichen Problemen führen. Warum der Deutsche Wetterdienst von Fahrten und unnötigen Wegen dringend abrät und welche Orte betroffen sind.,https://www.tagesspiegel.de/berlin/winter-unwetterwarnung-vor-glatteis-15220481.html,https://www.tagesspiegel.de/images/15220480/alternates/BASE_16_9_W1400/1770229960000/winterwetter-in-berlin.jpeg,http://web.archive.org/web/20260205083053/https://www.tagesspiegel.de/berlin/winter-unwetterwarnung-vor-glatteis-15220481.html,"Für Teile Brandenburgs und Berlins hat der Deutsche Wetterdienst eine amtliche Unwetterwarnung vor Glatteis herausgegeben. Die Warnung, die auch über Warnapps wie Nina verbreitet wurde, gilt für Donn… [+523 chars]",,Winter: Unwetterwarnung vor Glatteis. Glatteis könnte in Berlin und Brandenburg zu erheblichen Problemen führen. Warum der Deutsche Wetterdienst von Fahrten und unnötigen Wegen dringend abrät und welche Orte betroffen sind.,Winter: Storm warning for black ice. Black ice could cause significant problems in Berlin and Brandenburg. Why the German Weather Service strongly advises against trips and unnecessary journeys and which places are affected.,Hiems: Tempestas monitus est glacies nigra. Glacies nigra potuit quaestiones significantes in Berolinensi et Brandenburgico efficere. Quare Service Tempestatis Germanicae valde admonet contra itinera et itinera supervacua et quae loca afficiuntur.,2026-02-06 05:59:56+00:00
d1d7eb0473e9e972d4b9d29fb4aa4286,2026-02-04T23:51:04Z,'Winter',www.zeit.de,de,0.9,Winterwetter: Neues Glatteis droht,Hier finden Sie Informationen zu dem Thema „Winterwetter“. Lesen Sie jetzt „Neues Glatteis droht“.,https://www.zeit.de/news/2026-02/05/neues-glatteis-droht,https://img.zeit.de/news/2026-02/05/neues-glatteis-droht-image-group/wide__1300x731,http://web.archive.org/web/20260205005253/https://www.zeit.de/news/2026-02/05/neues-glatteis-droht,Das Winterwetter könnte viele Menschen in Berlin und Brandenburg heute (Donnerstag) vor neue Probleme stellen. Der Deutsche Wetterdienst sagt für die Region nächtlichen Schneefall oder Eisregen vorau… [+3877 chars],,Winterwetter: Neues Glatteis droht. Hier finden Sie Informationen zu dem Thema „Winterwetter“. Lesen Sie jetzt „Neues Glatteis droht“.,Winter weather: new black ice threatens. Here you will find information on the topic of “winter weather”. Read “New black ice threatens” now.,"Hiems tempestas: nova atra glacies minatur. Hic informationes invenies in argumento ""tempestatis hiemalis"". Lege ""Novum nigrum glaciem minatur"" nunc.",2026-02-06 05:59:56+00:00
43ee3ac4634c9ac84e8dc77100c2080f,2026-02-04T23:51:04Z,'Glatteis',www.stern.de,de,0.9,Winterwetter: Neues Glatteis droht,"Schneefall, gefrorene Böden, Regen: In Berlin und Brandenburg droht heute schon wieder Alarm wegen Schnee und Glatteis. Was die BVG in der Hauptstadt diesmal anders macht.",https://www.stern.de/gesellschaft/regional/berlin-brandenburg/winterwetter--neues-glatteis-droht-37108014.html,https://image.stern.de/37108016/t/fx/v1/w1440/r1.7778/-/05--kdwt54lrkvv10axs2048jpeg---79eb0a896608c4b1.jpg,http://web.archive.org/web/20260205005115/https://www.stern.de/gesellschaft/regional/berlin-brandenburg/winterwetter--neues-glatteis-droht-37108014.html,"Kopiere den aktuellen Link
Zur Merkliste hinzufügen
Schneefall, gefrorene Böden, Regen: In Berlin und Brandenburg droht heute schon wieder Alarm wegen Schnee und Glatteis. Was die BVG in der Haupts… [+4069 chars]",,"Winterwetter: Neues Glatteis droht. Schneefall, gefrorene Böden, Regen: In Berlin und Brandenburg droht heute schon wieder Alarm wegen Schnee und Glatteis. Was die BVG in der Hauptstadt diesmal anders macht.","Winter weather: new black ice threatens. Snowfall, frozen ground, rain: In Berlin and Brandenburg there is already a threat of alarm about snow and black ice today. What the BVG is doing differently in the capital this time.","Hiems tempestas: nova atra glacies minatur. Nix, terra congelata, pluvia: In Berlin et Brandenburg iam terroris terroris est circa nivem et glaciem nigram hodie. Quod BVG aliter agit in hoc tempore capitali.",2026-02-06 05:59:56+00:00
b0db51cf7471247970edcee85a637da2,2026-02-04T23:52:24Z,'Glatteis',www.tagesspiegel.de,de,0.9,Winterwetter: Neues Glatteis droht,"Schneefall, gefrorene Böden, Regen: In Berlin und Brandenburg droht heute schon wieder Alarm wegen Schnee und Glatteis. Was die BVG in der Hauptstadt diesmal anders macht.",https://www.tagesspiegel.de/berlin/winterwetter-neues-glatteis-droht-15220560.html,https://www.tagesspiegel.de/images/15220559/alternates/BASE_16_9_W1400/1770249144000/eisige-temperaturen-in-berlin.jpeg,,Das Winterwetter könnte viele Menschen in Berlin und Brandenburg heute (Donnerstag) vor neue Probleme stellen. Der Deutsche Wetterdienst sagt für die Region nächtlichen Schneefall oder Eisregen vorau… [+3942 chars],,"Winterwetter: Neues Glatteis droht. Schneefall, gefrorene Böden, Regen: In Berlin und Brandenburg droht heute schon wieder Alarm wegen Schnee und Glatteis. Was die BVG in der Hauptstadt diesmal anders macht.","Winter weather: new black ice threatens. Snowfall, frozen ground, rain: In Berlin and Brandenburg there is already a threat of alarm about snow and black ice today. What the BVG is doing differently in the capital this time.","Hiems tempestas: nova atra glacies minatur. Nix, terra congelata, pluvia: In Berlin et Brandenburg iam terroris terroris est circa nivem et glaciem nigram hodie. Quod BVG aliter agit in hoc tempore capitali.",2026-02-06 05:59:56+00:00
f6ddfcc2c5f16d7e4b672a904da39cd9,2026-02-05T03:44:40Z,'Glatteis',www.zeit.de,de,0.9,Wetter: Deutscher Wetterdienst warnt vor Glatteis in Ostdeutschland,"Im Westen wird es mild, im Osten droht Glatteis. Der Deutsche Wetterdienst warnt vor Unwettern in Berlin, Brandenburg, Sachsen, Sachsen-Anhalt und Mecklenburg-Vorpommern.",https://www.zeit.de/gesellschaft/zeitgeschehen/2026-02/glatteis-wetter-warnung-berlin-sachsen-vorpommern,https://img.zeit.de/gesellschaft/zeitgeschehen/2026-02/winterwetter-in-berlin-bild/wide__1300x731,http://web.archive.org/web/20260205040544/https://www.zeit.de/gesellschaft/zeitgeschehen/2026-02/glatteis-wetter-warnung-berlin-sachsen-vorpommern,"Nach einer kurzzeitigen Wetterberuhigung wird es in Teilen Deutschlands wieder glatt. ""Diesmal ist der Schauplatz über dem Osten Deutschlands"", erklärte Thore Hansen vom Deutschen Wetterdienst (DWD).… [+3544 chars]",,"Wetter: Deutscher Wetterdienst warnt vor Glatteis in Ostdeutschland. Im Westen wird es mild, im Osten droht Glatteis. Der Deutsche Wetterdienst warnt vor Unwettern in Berlin, Brandenburg, Sachsen, Sachsen-Anhalt und Mecklenburg-Vorpommern.","Weather: German Weather Service warns of black ice in eastern Germany. In the west it will be mild, in the east there is a risk of black ice. The German Weather Service warns of severe weather in Berlin, Brandenburg, Saxony, Saxony-Anhalt and Mecklenburg-Western Pomerania.","Tempestas: Ministerium Tempestatis Germanicae in Germania Orientali glaciem nigram monet. In occidente mitis erit, in oriente glacie nigrae periculum est. Ministerium Tempestatis Germanicae graves tempestates monet Berolini, Brandenburgici, Saxoniae, Saxoniae-Anhalt et Pomeraniae Mecklenburg-Occidentalis.",2026-02-06 05:59:56+00:00
b3c71168957b06431e7cd9bc37c0dbc5,2026-02-05T04:00:16Z,'Winter',www.zeit.de,de,0.9,Winterwetter: DWD rät zur Vorsicht: Unwettergefahr durch Glätte im Osten,Hier finden Sie Informationen zu dem Thema „Winterwetter“. Lesen Sie jetzt „DWD rät zur Vorsicht: Unwettergefahr durch Glätte im Osten“.,https://www.zeit.de/news/2026-02/05/dwd-raet-zur-vorsicht-unwettergefahr-durch-glaette-im-osten,https://img.zeit.de/news/2026-02/05/dwd-raet-zur-vorsicht-unwettergefahr-durch-glaette-im-osten-image-group/wide__1300x731,http://web.archive.org/web/20260205043703/https://www.zeit.de/news/2026-02/05/dwd-raet-zur-vorsicht-unwettergefahr-durch-glaette-im-osten,Nach reichlich Schnee und Glätte in mehreren Bundesländern müssen sich am Donnerstag besonders die Menschen im Osten Deutschlands auf glatte Wege und Straßen einstellen. Der Deutsche Wetterdienst erw… [+2819 chars],,Winterwetter: DWD rät zur Vorsicht: Unwettergefahr durch Glätte im Osten. Hier finden Sie Informationen zu dem Thema „Winterwetter“. Lesen Sie jetzt „DWD rät zur Vorsicht: Unwettergefahr durch Glätte im Osten“.,Winter weather: DWD advises caution: risk of severe weather due to slippery conditions in the east. Here you will find information on the topic of “winter weather”. Now read “DWD advises caution: risk of severe weather due to slippery conditions in the east”.,"Tempestas hiemalis: DWD cautelam monet: periculum gravis tempestatis ob lubricas condiciones in oriente. Hic informationes invenies in argumento ""tempestatis hiemalis"". Nunc lege ""DWD cautionem admonet: periculum tempestatis gravis ob lubricas condiciones in oriente"".",2026-02-06 05:59:56+00:00
4023cb7f68425d4cb4c808f3190a3d8d,2026-02-05T04:00:16Z,'Winter',www.stern.de,de,0.9,Winterwetter: DWD rät zur Vorsicht: Unwettergefahr durch Glätte im Osten,Glatteis und gefrierender Regen können im Osten für gefährliche Straßenverhältnisse sorgen. Auch Behinderungen im Straßen- und Bahnverkehr sind möglich.,https://www.stern.de/panorama/winterwetter--dwd-raet-zur-vorsicht--unwettergefahr-durch-glaette-im-osten-37108280.html,https://image.stern.de/37108282/t/-C/v1/w1440/r1.7778/-/05--bugmyagqp7v5axs2048jpeg---b5c903692e05c900.jpg,,"Kopiere den aktuellen Link
Zur Merkliste hinzufügen
Glatteis und gefrierender Regen können im Osten für gefährliche Straßenverhältnisse sorgen. Auch Behinderungen im Straßen- und Bahnverkehr sind m… [+2988 chars]",,Winterwetter: DWD rät zur Vorsicht: Unwettergefahr durch Glätte im Osten. Glatteis und gefrierender Regen können im Osten für gefährliche Straßenverhältnisse sorgen. Auch Behinderungen im Straßen- und Bahnverkehr sind möglich.,Winter weather: DWD advises caution: risk of severe weather due to slippery conditions in the east. Black ice and freezing rain can cause dangerous road conditions in the east. Disabilities in road and rail traffic are also possible.,Tempestas hiemalis: DWD cautelam monet: periculum gravis tempestatis ob lubricas condiciones in oriente. Glacies nigra et congelatio pluviae periculosas condiciones viae orientalis causare possunt. Defectus in via et mercatura plenaria etiam possibilia sunt.,2026-02-06 05:59:56+00:00
8e7dec0978a73f435e8257ebab3bee45,2026-02-05T04:01:57Z,'Glatteis',www.tagesspiegel.de,de,0.9,Winterwetter: DWD rät zur Vorsicht: Unwettergefahr durch Glätte im Osten,Glatteis und gefrierender Regen können im Osten für gefährliche Straßenverhältnisse sorgen. Auch Behinderungen im Straßen- und Bahnverkehr sind möglich.,https://www.tagesspiegel.de/gesellschaft/panorama/winterwetter-dwd-rat-zur-vorsicht-unwettergefahr-durch-glatte-im-osten-15220597.html,https://www.tagesspiegel.de/images/15220596/alternates/BASE_16_9_W1400/1770264117000/winterwetter-in-berlin.jpeg,,Nach reichlich Schnee und Glätte in mehreren Bundesländern müssen sich am Donnerstag besonders die Menschen im Osten Deutschlands auf glatte Wege und Straßen einstellen. Der Deutsche Wetterdienst erw… [+2878 chars],,Winterwetter: DWD rät zur Vorsicht: Unwettergefahr durch Glätte im Osten. Glatteis und gefrierender Regen können im Osten für gefährliche Straßenverhältnisse sorgen. Auch Behinderungen im Straßen- und Bahnverkehr sind möglich.,Winter weather: DWD advises caution: risk of severe weather due to slippery conditions in the east. Black ice and freezing rain can cause dangerous road conditions in the east. Disabilities in road and rail traffic are also possible.,Tempestas hiemalis: DWD cautelam monet: periculum gravis tempestatis ob lubricas condiciones in oriente. Glacies nigra et congelatio pluviae periculosas condiciones viae orientalis causare possunt. Defectus in via et mercatura plenaria etiam possibilia sunt.,2026-02-06 05:59:56+00:00
dde9b502fe26654a5bc3e3be925b4a93,2026-02-05T04:59:29Z,'Winter',www.stern.de,de,0.9,Nebel und Regen: Trübe Tage in Hessen erwartet,"Der Wintereinbruch in Hessen scheint vorüber, doch auf den Straßen kann es in den Nächten vielerorts glatt bleiben. Teilweise können auch Regen und Nebel aufziehen.",https://www.stern.de/gesellschaft/regional/hessen/nebel-und-regen--truebe-tage-in-hessen-erwartet-37108324.html,https://image.stern.de/37108326/t/eK/v1/w1440/r1.7778/-/05--zo7pm3xthxv3axs2048jpeg---919db16667548a3c.jpg,,"Kopiere den aktuellen Link
Zur Merkliste hinzufügen
Der Wintereinbruch in Hessen scheint vorüber, doch auf den Straßen kann es in den Nächten vielerorts glatt bleiben. Teilweise können auch Regen u… [+1062 chars]",,"Nebel und Regen: Trübe Tage in Hessen erwartet. Der Wintereinbruch in Hessen scheint vorüber, doch auf den Straßen kann es in den Nächten vielerorts glatt bleiben. Teilweise können auch Regen und Nebel aufziehen.","Fog and rain: Cloudy days expected in Hesse. The onset of winter in Hesse seems to be over, but the roads can remain slippery in many places at night. Rain and fog may also appear in places.","Caligo et pluvia: Nubila dies in Hassia expectata sunt. Impetus hiemis in Hassia transiere videtur, sed itinera lubrica multis locis noctu manere possunt. Pluvia et nebula etiam in locis apparent.",2026-02-06 05:59:56+00:00
411f1536696a9c1dd5277615f1601f4b,2026-02-05T05:06:22Z,'Schnee',www.stern.de,de,0.9,Schneeregen: Wetter in Bayern zeigt sich trist und ungemütlich,München (lby) - Der Donnerstag zeigt sich trist und ungemütlich. Regen und Schneeregen sagt der Deutsche Wetterdienst (DWD) vom Fichtelgebirge über die,https://www.stern.de/gesellschaft/regional/bayern/schneeregen--wetter-in-bayern-zeigt-sich-trist-und-ungemuetlich-37108352.html,https://image.stern.de/37108354/t/lE/v1/w1440/r1.7778/-/05--3ft3c3zedwv4axs2048jpeg---5e1e5b627cd82d7a.jpg,,"Kopiere den aktuellen Link
Zur Merkliste hinzufügen
Schönes Wetter sieht anders aus. Die Aussichten für Bayern sind trist und ungemütlich.
Der Donnerstag zeigt sich trist und ungemütlich. Regen un… [+846 chars]",,Schneeregen: Wetter in Bayern zeigt sich trist und ungemütlich. München (lby) - Der Donnerstag zeigt sich trist und ungemütlich. Regen und Schneeregen sagt der Deutsche Wetterdienst (DWD) vom Fichtelgebirge über die,Sleet: The weather in Bavaria is dreary and uncomfortable. Munich (lby) - Thursday is dreary and uncomfortable. The German Weather Service (DWD) says rain and sleet from the Fichtelgebirge,Sleet: Tempestas in Bavaria dira et incommoda est. Munich (lby) - Iovis triste et incommodum est. The German Weather Service (DWD) dicit pluviam et pruinam ex Fichtelgebirge,2026-02-06 05:59:56+00:00
e7617ad391f17ed6bf6599682da1c04a,2026-02-05T05:06:22Z,'Glatteis',www.zeit.de,de,0.9,Schneeregen: Wetter in Bayern zeigt sich trist und ungemütlich,Hier finden Sie Informationen zu dem Thema „Schneeregen“. Lesen Sie jetzt „Wetter in Bayern zeigt sich trist und ungemütlich“.,https://www.zeit.de/news/2026-02/05/wetter-in-bayern-zeigt-sich-trist-und-ungemuetlich,https://img.zeit.de/news/2026-02/05/wetter-in-bayern-zeigt-sich-trist-und-ungemuetlich-image-group/wide__1300x731,http://web.archive.org/web/20260205053855/https://www.zeit.de/news/2026-02/05/wetter-in-bayern-zeigt-sich-trist-und-ungemuetlich,Der Donnerstag zeigt sich trist und ungemütlich. Regen und Schneeregen sagt der Deutsche Wetterdienst (DWD) vom Fichtelgebirge über die Oberpfalz bis nach Oberbayern voraus. Autofahrer sollten vor al… [+744 chars],,Schneeregen: Wetter in Bayern zeigt sich trist und ungemütlich. Hier finden Sie Informationen zu dem Thema „Schneeregen“. Lesen Sie jetzt „Wetter in Bayern zeigt sich trist und ungemütlich“.,Sleet: The weather in Bavaria is dreary and uncomfortable. Here you will find information on the topic of “sleet”. Now read “Weather in Bavaria is dreary and uncomfortable”.,"Sleet: Tempestas in Bavaria dira et incommoda est. Hic informationes invenies in argumento ""sleet"". Nunc legitur ""Tempestas in Bavaria dira et incommoda"".",2026-02-06 05:59:56+00:00
066dc94b0ab4619454a3d1decdc90295,2026-02-05T05:10:14Z,'Glatteis',www.morgenpost.de,de,0.9,"Achtung, Glatteis in Berlin! DWD warnt dringend – „Gefahr für Leib und Leben“",Der Deutsche Wetterdienst hat eine amtliche Unwetterwarnung herausgegeben. Es besteht Gefahr für Leib und Leben.,https://www.morgenpost.de/berlin/article411119764/achtung-glatteis-in-berlin-dwd-warnt-dringend-gefahr-fuer-leib-und-leben.html,https://img.sparknews.funkemedien.de/411119792/411119792_1770268214_v16_9_1600.jpeg,,"In Teilen Berlins und Brandenburgs besteht wegen gefrierendem Regen hohe Glatteis-Gefahr am Donnerstagmorgen. Der Deutsche Wetterdienst (DWD) hat eine Unwetterwarnung herausgegeben, in der dringend d… [+705 chars]",,"Achtung, Glatteis in Berlin! DWD warnt dringend – „Gefahr für Leib und Leben“. Der Deutsche Wetterdienst hat eine amtliche Unwetterwarnung herausgegeben. Es besteht Gefahr für Leib und Leben.","Be careful, black ice in Berlin! DWD urgently warns – “Danger to life and limb”. The German Weather Service has issued an official severe weather warning. There is a danger to life and limb.","Cave, glacies nigra Berolinensi! DWD instanter admonet - ""Periculo vitae et membri"". Ministerium Tempestatis Germanorum officialem tempestatem gravem admonitionem edidit. Periculum est vitae et membrorum.",2026-02-06 05:59:56+00:00
61e9fcbcb93ba8e67da192cfb9d6c6b5,2026-02-05T05:24:16Z,'Frühling',www.zeit.de,de,0.9,Vorhersage: Frühlingshafte Temperaturen in NRW erwartet,Hier finden Sie Informationen zu dem Thema „Vorhersage“. Lesen Sie jetzt „Frühlingshafte Temperaturen in NRW erwartet“.,https://www.zeit.de/news/2026-02/05/fruehlingshafte-temperaturen-in-nrw-erwartet,https://img.zeit.de/news/2026-02/05/fruehlingshafte-temperaturen-in-nrw-erwartet-image-group/wide__1300x731,http://web.archive.org/web/20260205053830/https://www.zeit.de/news/2026-02/05/fruehlingshafte-temperaturen-in-nrw-erwartet,Am Donnerstag kann es in Nordrhein-Westfalen zuerst noch ungemütlich werden. Laut dem Deutschen Wetterdienst (DWD) kann es in der Früh noch glatt auf den Straßen sein und im äußersten Norden ist mit … [+848 chars],,Vorhersage: Frühlingshafte Temperaturen in NRW erwartet. Hier finden Sie Informationen zu dem Thema „Vorhersage“. Lesen Sie jetzt „Frühlingshafte Temperaturen in NRW erwartet“.,Forecast: Spring-like temperatures expected in NRW. Here you will find information on the topic of “prediction”. Read now “Spring-like temperatures expected in NRW”.,"Praedictio: Ver-similis temperatura in NRW expectata. Hic informationes invenies in argumento ""praedictionis"". Lege nunc ""Ver-similis temperaturas in NRW expectata"".",2026-02-06 05:59:56+00:00
90dab6c429062d1df05e8504309fda64,2026-02-05T05:24:16Z,'Frühling',www.stern.de,de,0.9,Vorhersage: Frühlingshafte Temperaturen in NRW erwartet,Essen/Offenbach (lnw) - Am Donnerstag kann es in Nordrhein-Westfalen zuerst noch ungemütlich werden. Laut dem Deutschen Wetterdienst (DWD) kann es in der,https://www.stern.de/gesellschaft/regional/nordrhein-westfalen/vorhersage--fruehlingshafte-temperaturen-in-nrw-erwartet-37108384.html,https://image.stern.de/37108386/t/kk/v1/w1440/r1.7778/-/05--wbleplrhjlv6axs2048jpeg---609092912d82b0d6.jpg,http://web.archive.org/web/20260205053844/https://www.stern.de/gesellschaft/regional/nordrhein-westfalen/vorhersage--fruehlingshafte-temperaturen-in-nrw-erwartet-37108384.html,"Kopiere den aktuellen Link
Zur Merkliste hinzufügen
Vor allem in den Nächten ist in NRW weiter mit Glätte auf den Straßen zu rechnen. Doch zum Wochenende sollen die Temperaturen steigen. Die Aussic… [+1014 chars]",,Vorhersage: Frühlingshafte Temperaturen in NRW erwartet. Essen/Offenbach (lnw) - Am Donnerstag kann es in Nordrhein-Westfalen zuerst noch ungemütlich werden. Laut dem Deutschen Wetterdienst (DWD) kann es in der,"Forecast: Spring-like temperatures expected in NRW. Essen/Offenbach (lnw) - Things can get uncomfortable in North Rhine-Westphalia at first on Thursday. According to the German Weather Service (DWD), it can happen in the","Praedictio: Ver-similis temperatura in NRW expectata. Essen/Offenbach (lnw) - Rerum incommoda in North Rheno-Westphalia primo die Iovis accipere possunt. Secundum Germanorum Tempestatem Service (DWD), fieri potest in",2026-02-06 05:59:56+00:00
08cb542912e59301a786d95192383d02,2026-02-05T05:39:00Z,'Winter',www.stern.de,de,0.9,Winterwetter: DWD warnt erneut vor Glätte – Karte zeigt die Lage,Das Winterwetter hält an: Glatteis und gefrierender Regen können für gefährliche Straßenverhältnisse sorgen. Auch Behinderungen im Straßen- und Bahnverkehr sind möglich.,https://www.stern.de/panorama/wetter/winterwetter--dwd-warnt-vor-glaette-im-osten---karte-zeigt-die-lage-37108280.html,https://image.stern.de/37108322/t/UZ/v2/w1440/r1.7778/-/winterwetter-teaser-donnerstag.jpg,,"Kopiere den aktuellen Link
Zur Merkliste hinzufügen
Das Winterwetter hält an: Glatteis und gefrierender Regen können für gefährliche Straßenverhältnisse sorgen. Auch Behinderungen im Straßen- und B… [+3077 chars]",,Winterwetter: DWD warnt erneut vor Glätte – Karte zeigt die Lage. Das Winterwetter hält an: Glatteis und gefrierender Regen können für gefährliche Straßenverhältnisse sorgen. Auch Behinderungen im Straßen- und Bahnverkehr sind möglich.,Winter weather: DWD warns again about slippery conditions - map shows the situation. The winter weather continues: black ice and freezing rain can cause dangerous road conditions. Disabilities in road and rail traffic are also possible.,Tempestas hiemalis: DWD monet iterum de condicionibus lubricis - map ostendit situm. Tempestas hiemalis pergit: nigra glacies et torrens pluvia condiciones itineris periculosas causare potest. Defectus in via et mercatura plenaria etiam possibilia sunt.,2026-02-06 05:59:56+00:00
212d21bda1cb10b83abe7c8138dca9f0,2026-02-05T05:46:00Z,'Glatteis',www.focus.de,de,0.9,"Glatteis im Osten! Alarmstufe Rot in 19 Kreisen, Berliner U-Bahn teilweise dicht",Glatteis und gefrierender Regen können im Osten für gefährliche Straßenverhältnisse sorgen. Auch Behinderungen im Straßen- und Bahnverkehr sind möglich.,https://www.focus.de/panorama/welt/glatteis-im-osten-alarmstufe-rot-in-19-kreisen-berliner-u-bahn-teilweise-dicht_3b15800e-c7c0-4633-8fc4-fb2d217d433b.html,https://quadro.burda-forward.de/ctf/24f99007-9083-4301-9b7f-855692fa72b4.0a652a26-0328-442b-84d4-c7d0025c37d3.jpeg?im=RegionOfInterestCrop%3D%281200%2C630%29%2CregionOfInterest%3D%281075%2C674%29&hash=cdf3f773c8f1e7795efe3c82bef4abc53ec12fb47c00f5fff5d453246dcc6b50,http://web.archive.org/web/20260205072137/https://www.focus.de/panorama/welt/glatteis-im-osten-alarmstufe-rot-in-19-kreisen-berliner-u-bahn-teilweise-dicht_3b15800e-c7c0-4633-8fc4-fb2d217d433b.html,Nach reichlich Schnee und Glätte in mehreren Bundesländern müssen sich am Donnerstag besonders die Menschen im Osten Deutschlands auf glatte Wege und Straßen einstellen. Der Deutsche Wetterdienst war… [+3492 chars],,"Glatteis im Osten! Alarmstufe Rot in 19 Kreisen, Berliner U-Bahn teilweise dicht. Glatteis und gefrierender Regen können im Osten für gefährliche Straßenverhältnisse sorgen. Auch Behinderungen im Straßen- und Bahnverkehr sind möglich.","Black ice in the east! Red alert in 19 districts, Berlin subway partially closed. Black ice and freezing rain can cause dangerous road conditions in the east. Disabilities in road and rail traffic are also possible.","Glacies nigra in oriente! Rubra vigilans in 19 districtibus, Berolinum subway partim clausum est. Glacies nigra et congelatio pluviae periculosas condiciones viae orientalis causare possunt. Defectus in via et mercatura plenaria etiam possibilia sunt.",2026-02-06 05:59:56+00:00
8fb3cce6c3c55b81cbb5d1392e1c0489,2026-02-05T05:46:25Z,'Glatteis',www.zeit.de,de,0.9,Wetter: Wetterdienst: Glatteis im Osten Sachsen-Anhalts möglich,Hier finden Sie Informationen zu dem Thema „Wetter“. Lesen Sie jetzt „Wetterdienst: Glatteis im Osten Sachsen-Anhalts möglich“.,https://www.zeit.de/news/2026-02/05/wetterdienst-glatteis-im-osten-sachsen-anhalts-moeglich,https://img.zeit.de/news/2026-02/05/wetterdienst-glatteis-im-osten-sachsen-anhalts-moeglich-image-group/wide__1300x731,http://web.archive.org/web/20260205062050/https://www.zeit.de/news/2026-02/05/wetterdienst-glatteis-im-osten-sachsen-anhalts-moeglich,Der Deutsche Wetterdienst (DWD) warnt am Morgen vor Glatteis auf Straßen und Gehwegen in den östlichen Landesteilen Sachsen-Anhalts. Grund dafür ist gefrierender Regen. Laut aktueller Wettergefahren-… [+485 chars],,Wetter: Wetterdienst: Glatteis im Osten Sachsen-Anhalts möglich. Hier finden Sie Informationen zu dem Thema „Wetter“. Lesen Sie jetzt „Wetterdienst: Glatteis im Osten Sachsen-Anhalts möglich“.,Weather: Weather service: Black ice possible in the east of Saxony-Anhalt. Here you will find information on the topic of “weather”. Now read “Weather Service: Black ice possible in the east of Saxony-Anhalt”.,"Weather: Weather service: Black ice possibilis in the east of Saxony-Anhalt. Hic informationes invenies in argumento ""tempestatis"". Nunc legere ""Tempestas Service: Nigra glacies in orientali Saxoniae-Anhalt.""",2026-02-06 05:59:56+00:00
363d752a657547e6b49fd530b67bdd1e,2026-02-05T05:46:25Z,'Glatteis',www.stern.de,de,0.9,Wetter: Wetterdienst: Glatteis im Osten Sachsen-Anhalts möglich,Magdeburg (sa) - Der Deutsche Wetterdienst (DWD) warnt am Morgen vor Glatteis auf Straßen und Gehwegen in den östlichen Landesteilen Sachsen-Anhalts.,https://www.stern.de/gesellschaft/regional/sachsen-anhalt/wetter--wetterdienst--glatteis-im-osten-sachsen-anhalts-moeglich-37108412.html,https://image.stern.de/37108414/t/gR/v1/w1440/r1.7778/-/05--pcc43o552jv6axs2048jpeg---7153107e41d1bf63.jpg,,"Kopiere den aktuellen Link
Zur Merkliste hinzufügen
Gefrierender Regen sorgt im Osten Sachsen-Anhalts für Glatteisgefahr. Besonders betroffen ist der Kreis Wittenberg. Wie sind die Wetteraussichten… [+647 chars]",,Wetter: Wetterdienst: Glatteis im Osten Sachsen-Anhalts möglich. Magdeburg (sa) - Der Deutsche Wetterdienst (DWD) warnt am Morgen vor Glatteis auf Straßen und Gehwegen in den östlichen Landesteilen Sachsen-Anhalts.,Weather: Weather service: Black ice possible in the east of Saxony-Anhalt. Magdeburg (sa) - The German Weather Service (DWD) is warning of black ice on roads and sidewalks in the eastern parts of Saxony-Anhalt this morning.,Weather: Weather service: Black ice possibilis in the east of Saxony-Anhalt. Magdeburg (sa) - Tempestas Service Germanica (DWD) monet glaciem nigram in viis et sideambulatis in partibus orientalibus Saxoniae-Anhalt hoc mane.,2026-02-06 05:59:56+00:00
d908aa62759d4c1be502879c5e33ce44,2026-02-03T16:37:56Z,'Winter',www.zeit.de,de,0.9,Schnee und Glätte: Winter legt A3 bei Wiesbaden lahm - Stau auf 30 Kilometern,Hier finden Sie Informationen zu dem Thema „Schnee und Glätte“. Lesen Sie jetzt „Winter legt A3 bei Wiesbaden lahm - Stau auf 30 Kilometern“.,https://www.zeit.de/news/2026-02/03/winter-legt-a3-bei-wiesbaden-lahm-stau-auf-30-kilometern,https://img.zeit.de/news/2026-02/03/winter-legt-a3-bei-wiesbaden-lahm-stau-auf-30-kilometern-image-group/wide__1300x731,,"Heftige Schneefälle sorgen auf den Autobahnen rund um Wiesbaden für starke Behinderungen. «Auf unseren Autobahnen geht gerade fast nichts mehr», sagte ein Sprecher der Polizeiautobahnstation Wiesbade… [+334 chars]",,Schnee und Glätte: Winter legt A3 bei Wiesbaden lahm - Stau auf 30 Kilometern. Hier finden Sie Informationen zu dem Thema „Schnee und Glätte“. Lesen Sie jetzt „Winter legt A3 bei Wiesbaden lahm - Stau auf 30 Kilometern“.,Snow and slippery conditions: Winter shuts down the A3 near Wiesbaden - traffic jams for 30 kilometers. Here you will find information on the topic of “snow and slippery conditions”. Now read “Winter shuts down the A3 near Wiesbaden – 30 kilometers of traffic jams”.,"Nives et lubricae conditiones: hiems claudit A3 prope Wiesbaden - negotiatio jams pro 30 chiliometrorum. Hic informationes invenies in argumento ""conditionis nivis et lubricae"". Nunc legitur ""Hiems claudit A3 prope Wiesbaden - 30 chiliometrorum traffic jams"".",2026-02-07 02:40:39+00:00
196bc3024af4f5bcd994156c37c050fe,2026-02-04T04:13:57Z,'Schnee',www.faz.net,de,0.9,Winter-Wetter: Schnee und Glatteis in Teilen Deutschlands angesagt,Im Westen und Norden Deutschlands ist mit Glatteis und Schnee zu rechnen. Vor allem in Niedersachsen herrscht bereits Chaos auf den Straßen.,https://www.faz.net/aktuell/gesellschaft/ungluecke/unfaelle-und-staus-schnee-und-glatteis-in-teilen-deutschlands-accg-200504458.html,https://media0.faz.net/image/w1200h627/14aee72b71d7/w5031h2628x0y363o/202602/43601.0.1732366419/im-nordwesten-von.webp,http://web.archive.org/web/20260205055610/https://www.faz.net/aktuell/gesellschaft/ungluecke/unfaelle-und-staus-schnee-und-glatteis-in-teilen-deutschlands-accg-200504458.html,Wegen des Winterwetters müssen sich die Menschen in Teilen Deutschlands am Morgen auf glatte Straßen einstellen. Der Deutsche Wetterdienst hatte für die Nacht stellenweise vor Glätte durch überfriere… [+2037 chars],,Winter-Wetter: Schnee und Glatteis in Teilen Deutschlands angesagt. Im Westen und Norden Deutschlands ist mit Glatteis und Schnee zu rechnen. Vor allem in Niedersachsen herrscht bereits Chaos auf den Straßen.,"Winter weather: Snow and black ice forecast in parts of Germany. Black ice and snow can be expected in the west and north of Germany. There is already chaos on the streets, especially in Lower Saxony.","Tempestas hiemalis: Nix et nigra glacies in partibus Germaniae praenuntiant. Glacies nigra et nix in Germania occidentali et septentrione expectari possunt. Est iam chaos in plateis, praesertim in Saxonia inferiori.",2026-02-07 02:40:39+00:00
bd28e6b497b3169e73fdfc3f209b8405,2026-02-04T18:07:04Z,'Winter',www.faz.net,de,0.9,Winter-Olympia: Italien hofft auf die Macht der Ringe,Mit der nun beginnenden Winterspielen in Mailand und Cortina d’Ampezzo erwartet Norditalien wirtschaftliche Impulse. Doch Verzögerungen und Öko-Kritik werfen ihre Schatten voraus.,https://www.faz.net/aktuell/wirtschaft/unternehmen/winterspiele-2026-in-mailand-hoffnung-auf-wirtschafts-impulse-110830465.html,https://media0.faz.net/image/w1200h627/8e36cf383bbe/w5078h2653x553y1153o/202602/43601.0.1731025191/sportler-im-anmarsch-am.webp,http://web.archive.org/web/20260204211033/https://www.faz.net/aktuell/wirtschaft/unternehmen/winterspiele-2026-in-mailand-hoffnung-auf-wirtschafts-impulse-110830465.html,Das Olympia-Fieber beginnt sich in Norditalien auszubreiten. Am Flughafen Mailand-Malpensa kommen die ersten Athleten an mit viel Gepäck. Ein professioneller Skifahrer führe mehr als zwanzig Paare Sk… [+6642 chars],,Winter-Olympia: Italien hofft auf die Macht der Ringe. Mit der nun beginnenden Winterspielen in Mailand und Cortina d’Ampezzo erwartet Norditalien wirtschaftliche Impulse. Doch Verzögerungen und Öko-Kritik werfen ihre Schatten voraus.,"Winter Olympics: Italy hopes for the power of the rings. With the Winter Games now beginning in Milan and Cortina d’Ampezzo, northern Italy is expecting economic stimulus. But delays and eco-criticism cast their shadows ahead.","Olympia Hiemalia: Italia sperat vim annulorum. Cum ludis hiemalibus iam ineunte Mediolani et Cortina d'Ampezzo, Italia septentrionalis stimulos oeconomicos exspectat. Sed morae et criticae umbras praecedunt.",2026-02-07 02:40:39+00:00
11f1510407390d8582d0542d1060db76,2026-02-05T08:15:28Z,'Winter',www.faz.net,de,0.9,Lappland im Winter: Im Reich des flüsternden Lichts,"Weisheit der samischen Kultur in überwältigender Naturschönheit: Eine Winterreise durchs norwegische und finnische Lappland führt in eine Welt majestätischer, aber bedrohter Sanftmut.",https://www.faz.net/aktuell/reise/auf-winterreise-durch-lappland-accg-110830310.html,https://media0.faz.net/image/w1200h627/3d0e18deaa6a/w3000h1567x0y403o/022026/1.10830309/am-kettukoski-unweit-von-inari.webp,,"Anna jubelt: Das ist Kunst! Kunst, die die Natur selbst macht! Polarlichter jagen über den Nachthimmel von Riutula. Wasserfälle aus neongrünem Licht stürzen von oben in die Kiefernwälder. Spiralen, a… [+302 chars]",,"Lappland im Winter: Im Reich des flüsternden Lichts. Weisheit der samischen Kultur in überwältigender Naturschönheit: Eine Winterreise durchs norwegische und finnische Lappland führt in eine Welt majestätischer, aber bedrohter Sanftmut.",Lapland in winter: In the realm of whispering light. Wisdom of Sami culture in overwhelming natural beauty: A winter journey through Norwegian and Finnish Lapland leads into a world of majestic but threatened gentleness.,Lapponia hyeme: In the realm of murmur lucis. Sapientia culturae Sami in pulchritudine superante naturali: Iter hiemale per Lapponiam Norvegicam et Finnicam ducit in mundum magnificae sed mansuetudini imminens.,2026-02-07 02:40:39+00:00
f47b25b415da9b51d47db43d598df2df,2026-02-05T12:53:01Z,'Winter',www.zeit.de,de,0.9,Winter in MV: Hauptsächlich Blechschäden bei Unfällen im Osten,Hier finden Sie Informationen zu dem Thema „Winter in MV“. Lesen Sie jetzt „Hauptsächlich Blechschäden bei Unfällen im Osten“.,https://www.zeit.de/news/2026-02/05/hauptsaechlich-blechschaeden-bei-unfaellen-im-osten,https://img.zeit.de/news/2026-02/05/hauptsaechlich-blechschaeden-bei-unfaellen-im-osten-image-group/wide__1300x731,http://web.archive.org/web/20260206055300/https://www.zeit.de/news/2026-02/05/hauptsaechlich-blechschaeden-bei-unfaellen-im-osten,Auf winterlich glatten Straßen und teils bei Regen ist es seit dem frühen Morgen im Ostteil Mecklenburg-Vorpommerns zu elf witterungsbedingten Verkehrsunfällen gekommen. Nach Angaben des Polizeipräsi… [+640 chars],,Winter in MV: Hauptsächlich Blechschäden bei Unfällen im Osten. Hier finden Sie Informationen zu dem Thema „Winter in MV“. Lesen Sie jetzt „Hauptsächlich Blechschäden bei Unfällen im Osten“.,Winter in MV: Mainly sheet metal damage in accidents in the east. Here you will find information on the topic “Winter in MV”. Now read “Mainly sheet metal damage in accidents in the East”.,"Hiems in MV: Maxime sheet metallum damnum in accidentibus in oriente. Hic informationes invenies de argumento ""Hiemalis in MV"". Nunc legitur ""Maxime sheet metallum damnum in accidentibus in Oriente"".",2026-02-07 02:40:39+00:00
faac040671aa536c7a44c69f7e14d6c9,2026-02-05T14:05:51Z,'Winter',www.faz.net,de,0.9,Niagara-Fälle: So spektakulär zeigt sich der Winter selten,"Auch wenn sie nicht ganz zugefroren sind: Das Naturschauspiel, das die berühmten Niagara-Fälle im Nordosten der Vereinigten Staaten durch den arktischen Kälteeinbruch derzeit bieten, ist atemberaubend.",https://www.faz.net/aktuell/gesellschaft/teils-gefrorene-niagara-faelle-so-spektakulaer-zeigt-sich-der-winter-selten-110831603.html,https://media0.faz.net/image/w1200h627/1351e0cdd74c/w3000h1567x0y217o/012026/1.10831602/nahe-den-american-falls.webp,http://web.archive.org/web/20260205175401/https://www.faz.net/aktuell/gesellschaft/teils-gefrorene-niagara-faelle-so-spektakulaer-zeigt-sich-der-winter-selten-110831603.html,"Atemraubender zeigt sich der Winter selten. Während der arktische Kälteeinbruch in den Vereinigten Staaten selbst eher warme Regionen wie den Südstaat Florida mit Minustemperaturen, Schnee und Stroma… [+1735 chars]",,"Niagara-Fälle: So spektakulär zeigt sich der Winter selten. Auch wenn sie nicht ganz zugefroren sind: Das Naturschauspiel, das die berühmten Niagara-Fälle im Nordosten der Vereinigten Staaten durch den arktischen Kälteeinbruch derzeit bieten, ist atemberaubend.","Niagara Falls: Winter is rarely so spectacular. Even if they are not completely frozen over, the natural spectacle that the famous Niagara Falls in the northeast of the United States are currently offering due to the Arctic cold snap is breathtaking.","Niagara cadit: hiems raro tam spectaculi est. Etiamsi non omnino congelati sunt, spectaculum naturale quod nobilis Niagara in septentriones Americae Americae septentrionalis cadit, nunc ob scapulae arcticae frigus exanimandas oblationes sunt.",2026-02-07 02:40:39+00:00
1c617efafc6d9d31a3fbfcb9c53bd14f,2026-02-03T14:15:17Z,'Winter',www.nzz.ch,de,0.9,ERKLÄRT - Der Winter macht auf Frühling: Die Pollensaison beginnt schon wieder,"Allergiker aufgepasst: Sobald die Sonne scheint und die Temperaturen über fünf Grad steigen, beginnt in der Schweiz wieder der Pollenflug. Hier gibt es Antworten auf die wichtigsten Fragen rund um Heuschnupfen, aktuelle Pollenarten und Tipps für den Alltag.",https://www.nzz.ch/panorama/der-winter-macht-auf-fruehling-die-pollensaison-beginnt-schon-wieder-ld.1923211,"https://img.nzz.ch/2026/02/03/e47edb4b-71c3-4d35-bda8-10581269b018.jpg?width=1200&height=675&fit=bounds&quality=75&auto=webp&crop=4256,2394,x0,y61&wmark=nzz",http://web.archive.org/web/20260203150858/https://www.nzz.ch/panorama/der-winter-macht-auf-fruehling-die-pollensaison-beginnt-schon-wieder-ld.1923211,"Die Pollenallergie, umgangssprachlich auch Heuschnupfen genannt, ist in unseren Breitengraden die häufigste allergische Erkrankung. Laut dem Allergiezentrum Schweiz ist etwa jeder fünfte Erwachsene b… [+3868 chars]",,"ERKLÄRT - Der Winter macht auf Frühling: Die Pollensaison beginnt schon wieder. Allergiker aufgepasst: Sobald die Sonne scheint und die Temperaturen über fünf Grad steigen, beginnt in der Schweiz wieder der Pollenflug. Hier gibt es Antworten auf die wichtigsten Fragen rund um Heuschnupfen, aktuelle Pollenarten und Tipps für den Alltag.","EXPLAINED - Winter is giving way to spring: The pollen season is starting again. Allergy sufferers beware: As soon as the sun shines and the temperatures rise above five degrees, the pollen count begins again in Switzerland. Here you will find answers to the most important questions about hay fever, current types of pollen and tips for everyday life.","EXPLICATUS - Hiems cedit verno: tempus pollinis rursus incipit. Allergia aegroti cavent: Cum sol lucet et temperaturae supra quinque gradus ascendunt, comes pollen in Helvetia iterum incipit. Hic responsa gravissimis quaestionibus de febre foeni, vena generis pollinis et apicibus vitae cotidianae invenies.",2026-02-07 05:50:16+00:00
c86e93eadcc2eadfe5eb81deb227f8c9,2026-02-01T04:00:05Z,'Winter',www.zeit.de,de,0.9,Ernährungstrend: Vitamin-D-Ergänzung im Winter: Hype oder sinnvoll?,Hier finden Sie Informationen zu dem Thema „Ernährungstrend“. Lesen Sie jetzt „Vitamin-D-Ergänzung im Winter: Hype oder sinnvoll?“.,https://www.zeit.de/news/2026-02/01/vitamin-d-ergaenzung-im-winter-hype-oder-sinnvoll,https://img.zeit.de/news/2026-02/01/vitamin-d-ergaenzung-im-winter-hype-oder-sinnvoll-image-group/wide__1300x731,http://web.archive.org/web/20260205032104/https://www.zeit.de/news/2026-02/01/vitamin-d-ergaenzung-im-winter-hype-oder-sinnvoll,"In den Wintermonaten scheint die Sonne deutlich schwächer - das verringert die körpereigene Produktion von Vitamin D in der Haut. Nachhelfen kann man mit Nahrungsergänzungsmitteln, die Vitamin D enth… [+5319 chars]",,Ernährungstrend: Vitamin-D-Ergänzung im Winter: Hype oder sinnvoll?. Hier finden Sie Informationen zu dem Thema „Ernährungstrend“. Lesen Sie jetzt „Vitamin-D-Ergänzung im Winter: Hype oder sinnvoll?“.,Nutrition trend: Vitamin D supplementation in winter: hype or useful? Here you will find information on the topic of “nutrition trends”. Read “Vitamin D supplementation in winter: hype or useful?” now.,"Nutritionem inclinatio: Vitaminum D suppletionem in hieme: hype vel utile? Hic informationes invenies in argumento ""tentionis nutritionis"". Lege ""Vitaminum D suppletionem in hieme: hype vel utile?"" nunc.",2026-02-07 20:37:19+00:00
45707ae4b771c50296cc8ad43a968525,2026-02-01T05:02:27Z,'Winter',www.zeit.de,de,0.9,Stromausfälle in Kyjiw: Wenn der Winter zur Waffe wird,Inmitten von russischen Angriffen und Strom- und Heizungsausfällen in Kyjiw beginnen neue Ukraineverhandlungen in Abu Dhabi. Und: Deutschland im Finale der Handball-EM,https://www.zeit.de/politik/2026-01/stromausfall-kyjiw-heizungsausfall-ukrainekrieg-nachrichtenpodcast,https://img.zeit.de/politik/2017-09/illu-podcast-news/wide__8ed8a6__1300x731,http://web.archive.org/web/20260202112442/https://www.zeit.de/politik/2026-01/stromausfall-kyjiw-heizungsausfall-ukrainekrieg-nachrichtenpodcast,"Nach russischen Angriffen auf die Energieinfrastruktur kommt es in Kyjiw seit Wochen zu weitreichenden Strom-, Heizungs- und Wasserausfällen. Hunderttausende Menschen sind zeitweise ohne grundlegende… [+2142 chars]",,Stromausfälle in Kyjiw: Wenn der Winter zur Waffe wird. Inmitten von russischen Angriffen und Strom- und Heizungsausfällen in Kyjiw beginnen neue Ukraineverhandlungen in Abu Dhabi. Und: Deutschland im Finale der Handball-EM,"Power outages in Kyiv: When winter becomes a weapon. Amid Russian attacks and power and heating outages in Kyiv, new Ukraine negotiations begin in Abu Dhabi. And: Germany in the final of the European Handball Championship","Potentia outages in Kyiv: Cum hiems telum fit. Inter impetus Russiae et potentiam et outages in Kyiv calefactionis, novi tractatus Ucrainae in Abu Dhabi incipiunt. Et: Germania in ultima pilae Championship Europaeae",2026-02-07 20:37:19+00:00
8fe00eba53ca57e10fb23c4a2fbd2b54,2026-02-03T10:30:19Z,'Sommer',www.zeit.de,de,0.9,Naturschutz: Naturschützer: Streusalz im Winter schädigt Bäume im Sommer,Hier finden Sie Informationen zu dem Thema „Naturschutz“. Lesen Sie jetzt „Naturschützer: Streusalz im Winter schädigt Bäume im Sommer“.,https://www.zeit.de/news/2026-02/03/naturschuetzer-streusalz-im-winter-schaedigt-baeume-im-sommer,https://img.zeit.de/news/2026-02/03/naturschuetzer-streusalz-im-winter-schaedigt-baeume-im-sommer-image-group/wide__1300x731,http://web.archive.org/web/20260203200928/https://www.zeit.de/news/2026-02/03/naturschuetzer-streusalz-im-winter-schaedigt-baeume-im-sommer,"Der hohe Einsatz von Streusalz hat nach Ansicht von Naturschützern fatale Folgen für Bäume, Böden und Gewässer in Sachsen. In Kombination mit Trockenstress schwächt Streusalz Stadtbäume dauerhaft und… [+747 chars]",,Naturschutz: Naturschützer: Streusalz im Winter schädigt Bäume im Sommer. Hier finden Sie Informationen zu dem Thema „Naturschutz“. Lesen Sie jetzt „Naturschützer: Streusalz im Winter schädigt Bäume im Sommer“.,Nature conservation: Conservationists: Road salt in winter damages trees in summer. Here you will find information on the topic of “nature conservation”. Now read “Conservationists: Road salt in winter damages trees in summer”.,"Natura conservationis: Conservationistae: Via sal in hieme damna arborum in aestate. Hic informationes invenies in argumento ""naturae conservationis"". Nunc lego ""Conservationistae: Via sal in hieme damna arborum in aestate"".",2026-02-07 20:37:19+00:00
4bdfff7033ab6b60c8cb877840cf8ae1,2026-02-04T04:30:04Z,'Winter',www.zeit.de,de,0.9,Winter auf Friedhöfen: Frost ist bisher kein Problem für Bestattungen,Hier finden Sie Informationen zu dem Thema „Winter auf Friedhöfen“. Lesen Sie jetzt „Frost ist bisher kein Problem für Bestattungen“.,https://www.zeit.de/news/2026-02/04/frost-ist-bisher-kein-problem-fuer-bestattungen,https://img.zeit.de/news/2026-02/04/frost-ist-bisher-kein-problem-fuer-bestattungen-image-group/wide__1300x731,,"Trotz anhaltender Minusgrade, trotz des Eises und Schnees läuft der Betrieb auf den Hamburger Friedhöfen bisher ohne größere Probleme weiter. Die Erdarbeiten dauerten aber wegen Eiskrusten nach Angab… [+471 chars]",,Winter auf Friedhöfen: Frost ist bisher kein Problem für Bestattungen. Hier finden Sie Informationen zu dem Thema „Winter auf Friedhöfen“. Lesen Sie jetzt „Frost ist bisher kein Problem für Bestattungen“.,Winter in cemeteries: Frost has not yet been a problem for burials. Here you will find information on the topic of “Winter in Cemeteries”. Now read “Frost is not a problem for burials so far”.,"Hiems in coemeteriis: Frontinus de sepultura nondum quaestio fuit. Hic informationes invenies in argumento ""Hiemalis in coemeteriis"". Nunc legitur ""Frontus sepulturae tantum non obstat"".",2026-02-07 20:37:19+00:00
4b2c62b9366ae6ccdc1fe89cd97cd751,2026-02-05T06:09:46Z,'Winter',www.zeit.de,de,0.9,Winter in MV: Weiter Winterwetter im Nordosten - Warnung vor Glätte,Hier finden Sie Informationen zu dem Thema „Winter in MV“. Lesen Sie jetzt „Weiter Winterwetter im Nordosten - Warnung vor Glätte“.,https://www.zeit.de/news/2026-02/05/weiter-winterwetter-im-nordosten-warnung-vor-glaette,https://img.zeit.de/news/2026-02/05/weiter-winterwetter-im-nordosten-warnung-vor-glaette-image-group/wide__1300x731,http://web.archive.org/web/20260206155452/https://www.zeit.de/news/2026-02/05/weiter-winterwetter-im-nordosten-warnung-vor-glaette,Der Deutsche Wetterdienst (DWD) warnt für Teile von Mecklenburg-Vorpommern vor Glatteis. Demnach kann es im Osten Mecklenburg-Vorpommerns sowie auf Teilen Usedoms zu gefrierendem Regen mit unwetterar… [+1066 chars],,Winter in MV: Weiter Winterwetter im Nordosten - Warnung vor Glätte. Hier finden Sie Informationen zu dem Thema „Winter in MV“. Lesen Sie jetzt „Weiter Winterwetter im Nordosten - Warnung vor Glätte“.,Winter in MV: Continued winter weather in the northeast - warning of slippery conditions. Here you will find information on the topic “Winter in MV”. Now read “More winter weather in the northeast – warning of slippery conditions”.,"Hiems in MV: Tempestas hiemalis in septentriones continuatur - monitus condiciones lubricae. Hic informationes invenies de argumento ""Hiemalis in MV"". Nunc lege ""Magis hiemalis in septentriones - monitus condiciones lubricae"".",2026-02-07 20:37:19+00:00
bc9055885d44e916b207fc0b317b078a,2026-02-05T08:52:33Z,'Winter',www.zeit.de,de,0.9,Winter in MV: Region Waren: Busse fahren wegen Eisregens nicht,Hier finden Sie Informationen zu dem Thema „Winter in MV“. Lesen Sie jetzt „Region Waren: Busse fahren wegen Eisregens nicht“.,https://www.zeit.de/news/2026-02/05/region-waren-busse-fahren-wegen-eisregens-nicht,https://img.zeit.de/news/2026-02/05/region-waren-busse-fahren-wegen-eisregens-nicht-image-group/wide__1300x731,http://web.archive.org/web/20260206023353/https://www.zeit.de/news/2026-02/05/region-waren-busse-fahren-wegen-eisregens-nicht,Wegen Eisregens und Glätte kommt es an der Mecklenburgischen Seenplatte zu Einschränkungen im Busverkehr. Donnerstagfrüh fallen nach Angaben der Mecklenburg-Vorpommerschen Verkehrsgesellschaft (MVVG)… [+466 chars],,Winter in MV: Region Waren: Busse fahren wegen Eisregens nicht. Hier finden Sie Informationen zu dem Thema „Winter in MV“. Lesen Sie jetzt „Region Waren: Busse fahren wegen Eisregens nicht“.,Winter in MV: Waren region: Buses don't run due to freezing rain. Here you will find information on the topic “Winter in MV”. Now read “Waren Region: Buses are not running due to freezing rain”.,"Hiems in MV: Regio Waren: Buses non currunt propter imbrem congelatum. Hic informationes invenies de argumento ""Hiemalis in MV"". Nunc lege ""Waren Regio: Buses non currit propter imbrem congelatum"".",2026-02-07 20:37:19+00:00
273c11ad06fbce1ef542df2459dc4d7d,2026-02-05T10:02:58Z,'Winter',www.zeit.de,de,0.9,Winter: DWD-Unwetterwarnung aufgehoben - Glätte bis abends möglich,Hier finden Sie Informationen zu dem Thema „Winter“. Lesen Sie jetzt „DWD-Unwetterwarnung aufgehoben - Glätte bis abends möglich“.,https://www.zeit.de/news/2026-02/05/dwd-unwetterwarnung-aufgehoben-glaette-bis-abends-moeglich,https://img.zeit.de/news/2026-02/05/dwd-unwetterwarnung-aufgehoben-glaette-bis-abends-moeglich-image-group/wide__1300x731,http://web.archive.org/web/20260205102225/https://www.zeit.de/news/2026-02/05/dwd-unwetterwarnung-aufgehoben-glaette-bis-abends-moeglich,"Die Unwetterwarnung vor Glatteis des Deutschen Wetterdiensts (DWD) für Berlin und Teile Brandenburgs ist aufgehoben. In Berlin sei das Gröbste geschafft, sagte DWD-Meteorologin Cathleen Hickmann am V… [+896 chars]",,Winter: DWD-Unwetterwarnung aufgehoben - Glätte bis abends möglich. Hier finden Sie Informationen zu dem Thema „Winter“. Lesen Sie jetzt „DWD-Unwetterwarnung aufgehoben - Glätte bis abends möglich“.,Winter: DWD severe weather warning lifted - slippery weather possible until evening. Here you will find information on the topic of “Winter”. Now read “DWD severe weather warning lifted – slippery conditions possible until evening”.,"Hiems: DWD tempestas gravissima admonitionem levavit - tempestas lubrica usque ad vesperum fieri potest. Hic informationes invenies in argumento ""Hiemalis"". Nunc lege ""DWD tempestatem gravem admonitionem levavi - condiciones lubricas usque ad vesperum fieri"".",2026-02-07 20:37:19+00:00
b00a5f5a8f674f2b81d6b43f65269325,2026-02-02T06:28:41Z,'Glatteis',www.zeit.de,de,0.9,Papenburg: Glatteis-Unfall am Bahnübergang,Hier finden Sie Informationen zu dem Thema „Papenburg“. Lesen Sie jetzt „Glatteis-Unfall am Bahnübergang“.,https://www.zeit.de/news/2026-02/02/glatteis-unfall-am-bahnuebergang,https://img.zeit.de/news/2026-02/02/glatteis-unfall-am-bahnuebergang-image-group/wide__1300x731,http://web.archive.org/web/20260203131539/https://www.zeit.de/news/2026-02/02/glatteis-unfall-am-bahnuebergang,"In Papenburg ist ein 21 Jahre alter Autofahrer aufgrund von Straßenglätte gegen eine Schranke geprallt. Wie ein Sprecher der Polizei sagte, kam der Mann nachts in einer Kurve von der Fahrbahn ab. Tec… [+273 chars]",,Papenburg: Glatteis-Unfall am Bahnübergang. Hier finden Sie Informationen zu dem Thema „Papenburg“. Lesen Sie jetzt „Glatteis-Unfall am Bahnübergang“.,Papenburg: Black ice accident at the railway crossing. Here you will find information on the topic of “Papenburg”. Now read “Black ice accident at the railway crossing”.,"Papenburg: Nigra glacies casus ad transitum ferriviarium. Hic reperies informationem de argumento ""Papenburg"". Nunc legitur ""Nigrum glaciei casus ad transitum ferriviarium"".",2026-02-08 06:02:27+00:00
c92554de49622d99d6c02f78c912c826,2026-02-06T11:30:36Z,'Glatteis',www.zeit.de,de,0.9,Glätte in Berlin: Stadtreinigung: Glatteis jetzt beseitigen,Hier finden Sie Informationen zu dem Thema „Glätte in Berlin“. Lesen Sie jetzt „Stadtreinigung: Glatteis jetzt beseitigen“.,https://www.zeit.de/news/2026-02/06/stadtreinigung-glatteis-jetzt-beseitigen,https://img.zeit.de/news/2026-02/06/stadtreinigung-glatteis-jetzt-beseitigen-image-group/wide__1300x731,,"Die Berliner Stadtreinigung (BSR) empfiehlt, Gehwege von Eis zu befreien, wenn die Temperaturen zwischendurch über dem Gefrierpunkt liegen. «Das ist der beste Zeitpunkt dafür. Jetzt kann man es weich… [+1696 chars]",,Glätte in Berlin: Stadtreinigung: Glatteis jetzt beseitigen. Hier finden Sie Informationen zu dem Thema „Glätte in Berlin“. Lesen Sie jetzt „Stadtreinigung: Glatteis jetzt beseitigen“.,Slippery roads in Berlin: City cleaning: Remove black ice now. Here you will find information on the topic of “Smoothness in Berlin”. Read “City Cleaning: Remove Black Ice Now” now.,"Viae lubricae in Berlin: urbs purgans: glaciem nigram nunc remove. Hic informationes invenies de argumento ""Levitatis in Berlin"". Legere ""Urbs Purgatio: Aufer Niger Ice nunc"" nunc.",2026-02-08 06:02:27+00:00
6485e8fe3e839f534567521b12fa08fe,2026-02-07T08:43:31Z,'Winter',vorarlberg.orf.at,de,0.9,Forer kämpft um Slopestyle-Finaleinzug,Als erster Vorarlberger ist heute Ski-Freestyler Julius Forer bei den Olympischen Winterspielen 2026 in Italien am Start. Für den Dornbirner steht ab 14.00 Uhr die Qualifikation im Slopestyle auf dem Programm.,https://vorarlberg.orf.at/stories/3340992/,https://ibs.orf.at/vbg?image=https%3A%2F%2Foekastatic.orf.at%2Fmims%2F2026%2F06%2F97%2Fcrops%2Fw%3D1200%2Ch%3D627%2Cq%3D75%2F2925067_master_1130697_gepa-20260203-101-999-0029.jpg%3Fs%3D05e3ed3bc1bdb4f9cc7c2642661d7bc478627023,,"Für Forer, der auch in der Disziplin Big Air antritt, ist die Qualifikation für die Olympischen Spiele der bisherige Höhepunkt seiner Karriere. Ein Kreuzbandriss warf ihn 2023 zurück, doch der 25-Jäh… [+802 chars]",,Forer kämpft um Slopestyle-Finaleinzug. Als erster Vorarlberger ist heute Ski-Freestyler Julius Forer bei den Olympischen Winterspielen 2026 in Italien am Start. Für den Dornbirner steht ab 14.00 Uhr die Qualifikation im Slopestyle auf dem Programm.,Forer is fighting for the slopestyle final. Ski freestyler Julius Forer is the first person from Vorarlberg to compete at the 2026 Winter Olympics in Italy today. The qualification in slopestyle is on the agenda for the Dornbirn native from 2 p.m.,Forer pugnat pro fastigio finali. Ski freestyler Iulius Forer primus homo ex Vorarlberg certat ad Olympia hiemalia in Italia hodie 2026. Quale in fastigio est in agendis pro indigenis Dornbirn a 2 a.m.,2026-02-09 02:52:36+00:00
3d889b9f312e901654b8c36934e107a9,2026-02-07T08:44:00Z,'Schnee',www.stern.de,de,0.9,Straßenverkehr: Tempolimit mit Schneeflocken-Schild: Wann gilt das eigentlich?,Gilt es oder nicht? Diese Frage stellen sich bei einem Tempolimit mit Schneeflocken-Symbol viele Autofahrer. Die meisten würden sich falsch entscheiden – besonders im Sommer.,https://www.stern.de/auto/tempolimit-im-winter--ab-wann-gilt-dieses-schild-mit-der-schneeflocke--35159774.html,https://image.stern.de/35159772/t/RX/v1/w1440/r1.7778/-/schneeflocke-tempolimit-verkehrsschild.jpg,http://web.archive.org/web/20260208205805/https://www.stern.de/auto/tempolimit-im-winter--ab-wann-gilt-dieses-schild-mit-der-schneeflocke--35159774.html,"Kopiere den aktuellen Link
Zur Merkliste hinzufügen
Gilt es oder nicht? Diese Frage stellen sich bei einem Tempolimit mit Schneeflocken-Symbol viele Autofahrer. Die meisten würden sich falsch entsc… [+2653 chars]",,Straßenverkehr: Tempolimit mit Schneeflocken-Schild: Wann gilt das eigentlich?. Gilt es oder nicht? Diese Frage stellen sich bei einem Tempolimit mit Schneeflocken-Symbol viele Autofahrer. Die meisten würden sich falsch entscheiden – besonders im Sommer.,Road traffic: Speed ​​limit with snowflake sign: When does this actually apply? Does it apply or not? Many drivers ask themselves this question when it comes to a speed limit with a snowflake symbol. Most people would make the wrong decision - especially in summer.,Via negotiationis: Celeritas terminus cum nivis signo: Quando hoc actu applicatur? Applicare an non? Multi aurigae hanc sibi quaestionem interrogant cum ad modum celeritatis cum symbolo nivis advenit. Plerique homines perversitatem iudicant - praesertim aestate.,2026-02-09 02:52:36+00:00
3bfbd91d1b68204b2731884fa80fe51b,2026-02-07T08:50:23Z,'Winter',www.tagesspiegel.de,de,0.9,Krieg in der Ukraine: Selenskyj: AKWs produzieren nach Angriffen weniger Strom,Russische Raketen- und Drohnenangriffe legen wichtige Energieanlagen in der Westukraine lahm. Selenskyj fordert eine globale Antwort. Wie hart trifft es die Ukraine mitten im Winter?,https://www.tagesspiegel.de/internationales/krieg-in-der-ukraine-selenskyj-akws-produzieren-nach-angriffen-weniger-strom-15228503.html,https://www.tagesspiegel.de/images/15229252/alternates/BASE_16_9_W1400/1770480227000/wolodymyr-selenskyj.jpeg,,Infolge heftiger russischer Raketenangriffe auf wichtige Umspannwerke und Hochspannungsleitungen produzieren ukrainische Atomkraftwerke weniger Strom. Ein Reaktor schaltete sich automatisch ab. Das i… [+858 chars],,Krieg in der Ukraine: Selenskyj: AKWs produzieren nach Angriffen weniger Strom. Russische Raketen- und Drohnenangriffe legen wichtige Energieanlagen in der Westukraine lahm. Selenskyj fordert eine globale Antwort. Wie hart trifft es die Ukraine mitten im Winter?,War in Ukraine: Zelensky: Nuclear power plants produce less electricity after attacks. Russian missile and drone attacks paralyze important energy facilities in western Ukraine. Zelensky calls for a global response. How hard is Ukraine hit in the middle of winter?,Bellum in Ucraina: Zelensky: nuclei potentiae plantae minus electricitatem post impetus efficiunt. Russian missile et fucus oppugnat ad impediendum magnas industrias energiae in Ucraina occidentali. Zelensky responsionem globalem vocat. Quam difficile est Ucraina hit media hieme?,2026-02-09 02:52:36+00:00
24ab5e2e0be15198825c1dc2212972e5,2026-02-07T09:00:00Z,'Winter',www.morgenpost.de,de,0.9,Nächstes Sechs-Punkte-Spiel: Kann Hertha BSC in Elversberg gewinnen?,Die Sieglosserie zieht sich für die Berliner dahin wie der schier endlose Winter. Endet sie im Saarland? Verfolgen Sie das Spiel im Liveticker.,https://www.morgenpost.de/sport/hertha/article411134390/naechstes-sechs-punkte-spiel-kann-hertha-bsc-in-elversberg-gewinnen.html,https://img.sparknews.funkemedien.de/411134838/411134838_1770385295_v16_9_1600.jpeg,http://web.archive.org/web/20260208205713/https://www.morgenpost.de/sport/hertha/article411134390/naechstes-sechs-punkte-spiel-kann-hertha-bsc-in-elversberg-gewinnen.html,"Der Kampf um den Aufstieg in die Bundesliga gleicht einem Schneckenrennen. Hertha BSC ist um den Anschluss bemüht, tritt nach den jüngsten sechs Ligaspielen ohne Sieg aber auf der Stelle. Zuletzt kam… [+302 chars]",,Nächstes Sechs-Punkte-Spiel: Kann Hertha BSC in Elversberg gewinnen?. Die Sieglosserie zieht sich für die Berliner dahin wie der schier endlose Winter. Endet sie im Saarland? Verfolgen Sie das Spiel im Liveticker.,"Next six-point game: Can Hertha BSC win in Elversberg? For the Berliners, the winless streak drags on like the seemingly endless winter. Does it end in Saarland? Follow the game in the live ticker.",Proximum ludum sex punctum: Hertha BSC in Elversberg vincere potest? Berliners enim series hyemalis velut infinita hieme trahit. An finitur in Saarlandia? Sequere ludum in ticker vivo.,2026-02-09 02:52:36+00:00
3cd81e1808fefbd95d7cfea855d054b1,2026-02-07T09:03:00Z,'Winter',www.sueddeutsche.de,de,0.9,Olympische Winterspiele: Olympia 2026: Alle Ski-Alpin-Wettbewerbe im Zeitplan,"Am 6. Februar werden die Olympischen Winterspiele 2026 eröffnet, bereits einen Tag später starten die Ski-Alpin-Wettbewerbe. Der Zeitplan zu allen Rennen in der Übersicht.",https://www.sueddeutsche.de/sport/ski-alpin-olympia-2026-abfahrt-maenner-heute-live-tv-stream-zeitplan-termine-ueberblick-li.3367106,https://www.sueddeutsche.de/2026/01/30/bd808f4f-a0af-48a1-86eb-550d653b21e6.jpg?q=60&fm=webp&width=1200&rect=0%2C191%2C3665%2C2062,,"Zeitplan zu allen Ski-Alpin-Rennen bei Olympia 2026
In zehn Wettbewerben kämpfen die Fahrerinnen und Fahrer dieses Jahr um olympisches Edelmetall. Damit gibt es zu den beiden vergangenen Spielen ein… [+6423 chars]",,"Olympische Winterspiele: Olympia 2026: Alle Ski-Alpin-Wettbewerbe im Zeitplan. Am 6. Februar werden die Olympischen Winterspiele 2026 eröffnet, bereits einen Tag später starten die Ski-Alpin-Wettbewerbe. Der Zeitplan zu allen Rennen in der Übersicht.","Winter Olympics: Olympia 2026: All alpine skiing competitions on schedule. The 2026 Winter Olympics will open on February 6th, and the Alpine skiing competitions will start just one day later. The schedule for all races at a glance.","Olympia Hiemalia: Olympia 2026: Omnes alpini certationis in schedula aptatae. Olympia Hiemalia 2026 Kalendis Februariis aperient, et Alpinae certationes skiing uno die post incipient. In schedula omnium gentium spectatur.",2026-02-09 02:52:36+00:00
6420660fd0b34a892c20edd4d9528f13,2026-02-07T10:00:00Z,'Winter',www.brigitte.de,de,0.9,"""Schümli Pflümi"": Mit diesem Cocktail feiern die Schweizer beim Après-Ski","Die Schweizer wissen wie kein anderes Volk, wie man den Winter in vollen Zügen genießt – zum Beispiel mit diesem leckeren Heißgetränk.",https://www.brigitte.de/rezepte/-schuemli-pfluemi---dieser-winter-cocktail-ist-der-lieblingsdrink-der-schweizer-beim-apr%C3%A8s-ski-13145504.html,https://image.brigitte.de/13145498/t/11/v4/w1440/r1.7778/-/bildschirmfoto-2022-01-21-um-11-45-01.jpg,http://web.archive.org/web/20260207102233/https://www.brigitte.de/rezepte/-schuemli-pfluemi---dieser-winter-cocktail-ist-der-lieblingsdrink-der-schweizer-beim-apr%C3%A8s-ski-13145504.html,"Die Schweizer wissen wie kein anderes Volk, wie man den Winter in vollen Zügen genießt  zum Beispiel mit diesem leckeren Heißgetränk.
Zugegen, der Name erinnert vielleicht ein wenig an eine Kinderse… [+445 chars]",,"""Schümli Pflümi"": Mit diesem Cocktail feiern die Schweizer beim Après-Ski. Die Schweizer wissen wie kein anderes Volk, wie man den Winter in vollen Zügen genießt – zum Beispiel mit diesem leckeren Heißgetränk.","“Schümli Pflümi”: The Swiss celebrate après-ski with this cocktail. The Swiss know better than any other people how to enjoy winter to the fullest - with this delicious hot drink, for example.","""Schümli Pflümi"": Helvetii hoc cocktail apres-ski celebrant. Helvetii melius quam alii homines sciunt quomodo hieme ad plenissimam fruendam - cum hoc delectamento calido potu, exempli gratia.",2026-02-09 02:52:36+00:00
1b84055b45f859bf81714d141f436b14,2026-02-07T10:34:14Z,'Winter',www.n-tv.de,de,0.9,"""Zutiefst erschüttert"": Mit ICE wollen US-Olympioniken nichts zu tun haben","Sie sind weit weg von ihrer Heimat, doch die ICE-Einsätze verfolgen die US-Sportler bis zu den Olympischen Winterspielen. Zwei Freestyle-Skifahrer positionieren sich klar. Einem Olympiasieger von 2022 ist es wichtig, für ein anderes Amerika einzutreten.",https://www.n-tv.de/sport/olympia/Mit-ICE-wollen-US-Olympioniken-nichts-zu-tun-haben-id30336146.html,,,"""Zutiefst erschüttert""Mit ICE wollen US-Olympioniken nichts zu tun haben
Sie sind weit weg von ihrer Heimat, doch die ICE-Einsätze verfolgen die US-Sportler bis zu den Olympischen Winterspielen. Zwe… [+3584 chars]",,"""Zutiefst erschüttert"": Mit ICE wollen US-Olympioniken nichts zu tun haben. Sie sind weit weg von ihrer Heimat, doch die ICE-Einsätze verfolgen die US-Sportler bis zu den Olympischen Winterspielen. Zwei Freestyle-Skifahrer positionieren sich klar. Einem Olympiasieger von 2022 ist es wichtig, für ein anderes Amerika einzutreten.","“Deeply shocked”: US Olympians want nothing to do with ICE. They are far from home, but the ICE missions are following the US athletes all the way to the Winter Olympics. Two freestyle skiers position themselves clearly. It's important for a 2022 Olympic champion to stand up for a different America.","""Falle abhorrent"": US Olympians nihil facere cum glacie volunt. Procul ab domo sunt, sed missiones glaciem secuti sunt athletae US usque ad Olympia Hiemalia. Duo nibh agant po- nuntur. Gravis est propugnator Olympicus 2022 pro alia America stare.",2026-02-09 02:52:36+00:00
098bd798849271a08a76ad00ccc1200c,2026-02-07T10:45:51Z,'Winter',www.stern.de,de,0.9,Winterwetter: Grünen-Politikerin Kapek: Geh- und Fahrradwege zuerst räumen,Der Winter prägt das Bild seit Wochen in Berlin und Brandenburg. Vor allem eisglatte Flächen und kaum geräumte Gehwege sorgen für Frust. Die Grünen erneuern eine Forderung.,https://www.stern.de/gesellschaft/regional/berlin-brandenburg/winterwetter--gruenen-politikerin-kapek--geh--und-fahrradwege-zuerst-raeumen-37115788.html,https://image.stern.de/37115790/t/B7/v1/w1440/r1.7778/-/07--ek52le4a3ev5axs2048jpeg---b7b23f14152f9b3d.jpg,http://web.archive.org/web/20260208064638/https://www.stern.de/gesellschaft/regional/berlin-brandenburg/winterwetter--gruenen-politikerin-kapek--geh--und-fahrradwege-zuerst-raeumen-37115788.html,"Kopiere den aktuellen Link
Zur Merkliste hinzufügen
Der Winter prägt das Bild seit Wochen in Berlin und Brandenburg. Vor allem eisglatte Flächen und kaum geräumte Gehwege sorgen für Frust. Die Grün… [+1592 chars]",,Winterwetter: Grünen-Politikerin Kapek: Geh- und Fahrradwege zuerst räumen. Der Winter prägt das Bild seit Wochen in Berlin und Brandenburg. Vor allem eisglatte Flächen und kaum geräumte Gehwege sorgen für Frust. Die Grünen erneuern eine Forderung.,Winter weather: Green Party politician Kapek: Clear sidewalks and cycle paths first. Winter has been shaping the picture in Berlin and Brandenburg for weeks. Icy surfaces and barely cleared sidewalks in particular cause frustration. The Greens renew a demand.,Tempestas hiemalis: Factio politica viridis Kapek: Plana sidewalks et cycli semitae primae. Hiems Berolini et Brandenburgici per septimanas imaginem effingebat. Superficies glacialis et in particulari causa frustrationis sidewalks vix sedatur. Prasinorum postulatum renovant.,2026-02-09 02:52:36+00:00
ab85d0039d5e84f295fd9254e7a76d9e,2026-02-07T10:47:25Z,'Winter',www.tagesspiegel.de,de,0.9,Winterwetter: Grünen-Politikerin Kapek: Geh- und Fahrradwege zuerst räumen,Der Winter prägt das Bild seit Wochen in Berlin und Brandenburg. Vor allem eisglatte Flächen und kaum geräumte Gehwege sorgen für Frust. Die Grünen erneuern eine Forderung.,https://www.tagesspiegel.de/berlin/winterwetter-grunen-politikerin-kapek-geh-und-fahrradwege-zuerst-raumen-15228630.html,https://www.tagesspiegel.de/images/15228629/alternates/BASE_16_9_W1400/1770461244000/winterwetter-in-berlin.jpeg,,"Angesichts der anhaltenden Glättegefahr in Berlin fordert die verkehrspolitische Sprecherin der Grünen, Antje Kapek, eine Veränderung der Zuständigkeiten für die Räumung. Statt Straßen zuerst von Sch… [+1456 chars]",,Winterwetter: Grünen-Politikerin Kapek: Geh- und Fahrradwege zuerst räumen. Der Winter prägt das Bild seit Wochen in Berlin und Brandenburg. Vor allem eisglatte Flächen und kaum geräumte Gehwege sorgen für Frust. Die Grünen erneuern eine Forderung.,Winter weather: Green Party politician Kapek: Clear sidewalks and cycle paths first. Winter has been shaping the picture in Berlin and Brandenburg for weeks. Icy surfaces and barely cleared sidewalks in particular cause frustration. The Greens renew a demand.,Tempestas hiemalis: Factio politica viridis Kapek: Plana sidewalks et cycli semitae primae. Hiems Berolini et Brandenburgici per septimanas imaginem effingebat. Superficies glacialis et in particulari causa frustrationis sidewalks vix sedatur. Prasinorum postulatum renovant.,2026-02-09 02:52:36+00:00
38dd4ccbe9de0ad158e202c88895a026,2026-02-07T10:54:00Z,'Winter',www.sueddeutsche.de,de,0.9,"Ski nordisch bei den Winterspielen 2026: Skispringen, Langlaufen und Kombination – der Olympia-Zeitplan","Die Wettbewerbe für Langlauf, Skispringen und die Nordische Kombination finden bei den Winterspielen 2026 im Val di Fiemme statt. Ein Überblick über den Zeitplan.",https://www.sueddeutsche.de/sport/olympia-2026-heute-live-skispringen-langlauf-tv-uebertragung-medaillen-li.3366137,https://www.sueddeutsche.de/2025/12/23/69ed71b9-99db-4192-952f-9bd8757d271d.jpg?q=60&fm=webp&width=1200&rect=0%2C209%2C4000%2C2250,,"Im Val di Fiemme werden die nordischen Ski-Disziplinen bei den Olympischen Winterspielen 2026 in Italien ausgetragen. Die Skispringerinnen und Skispringer treten auf der Schanze in Predazzo an, die L… [+7039 chars]",,"Ski nordisch bei den Winterspielen 2026: Skispringen, Langlaufen und Kombination – der Olympia-Zeitplan. Die Wettbewerbe für Langlauf, Skispringen und die Nordische Kombination finden bei den Winterspielen 2026 im Val di Fiemme statt. Ein Überblick über den Zeitplan.","Nordic skiing at the 2026 Winter Games: ski jumping, cross-country skiing and combination – the Olympic schedule. The cross-country skiing, ski jumping and Nordic combined competitions will take place at the 2026 Winter Games in Val di Fiemme. An overview of the schedule.","Nordic skiing in ludis 2026 Hiemalibus: ski saliens, transversis regionibus skiing et coniunctio - schedula Olympica. Crux-patria skiing, ski saliens et Nordica certationes compositae in ludis hiemalibus in Val di Fiemme 2026 fient. Census in cedula.",2026-02-09 02:52:36+00:00
5abeda3d44cde07e6a96872184ac4c08,2026-02-01T07:15:17Z,'Winter',www.faz.net,de,0.9,Winter ohne Heizung: Merz hätte besser geschwiegen,"An den Ukrainern kann man sehen, was es bedeutet, wenn Menschen um ein Leben in persönlicher Souveränität kämpfen. Warum kommt aus Berlin nicht mehr Hilfe?",https://www.faz.net/aktuell/politik/ukraine/kommentar-kiew-trotzt-der-kaelte-und-berlin-hilft-nicht-genug-110828424.html,https://media0.faz.net/image/w1200h627/22d724bc5ccc/w3000h1567x0y375o/012026/1.10828422/notzelte-in-kiew.webp,http://web.archive.org/web/20260202013150/https://www.faz.net/aktuell/politik/ukraine/kommentar-kiew-trotzt-der-kaelte-und-berlin-hilft-nicht-genug-110828424.html,"Morgenbulletin aus Kiew: Es bleibt eisig. Für nächste Woche werden minus zwanzig Grad erwartet. Am Donnerstag waren nach russischen Bombardements immer noch 613 Wohnblocks ohne Heizung, und auch in d… [+3096 chars]",,"Winter ohne Heizung: Merz hätte besser geschwiegen. An den Ukrainern kann man sehen, was es bedeutet, wenn Menschen um ein Leben in persönlicher Souveränität kämpfen. Warum kommt aus Berlin nicht mehr Hilfe?",Winter without heating: Merz would have been better off keeping quiet. The Ukrainians show what it means when people fight for a life of personal sovereignty. Why isn't more help coming from Berlin?,Hiems sine calefactione: Merz melioris tacendi fuisset. Ucraini ostendunt quid sibi velit cum homines pro vita principatus personalis. Cur non magis auxilium a Berolinis venit?,2026-02-09 11:02:07+00:00
388326c36361a976583e4b4e53daa46b,2026-02-02T08:09:36Z,'Winter',www.faz.net,de,0.9,Auf Skiern durch Schweden: Eine Tour für alle Fjälle,"Im Winter ist im schwedischen Jämtland-Dreieck deutlich weniger los als im Sommer, doch was weiß der Mitteleuropäer schon übers Turskidåkning – Skiwandern im kapriziösen arktischen Winter?",https://www.faz.net/aktuell/reise/von-huette-zu-huette-skiwandern-in-schweden-accg-110827991.html,https://media0.faz.net/image/w1200h627/f83a358a4e41/w3000h1567x0y216o/042025/1.10827981/gegen-den-wind-meist-bleibt.webp,http://web.archive.org/web/20260202100824/https://www.faz.net/aktuell/reise/von-huette-zu-huette-skiwandern-in-schweden-accg-110827991.html,"Die Storulvån Fjällstation ist eine sonderbare Berghütte. Auf dem Parkplatz steht ein Reisebus, Touristen ziehen Rollkoffer durch Schnee und Eis. Im Laden neben der Rezeption ist von Köttbullar in Do… [+9693 chars]",,"Auf Skiern durch Schweden: Eine Tour für alle Fjälle. Im Winter ist im schwedischen Jämtland-Dreieck deutlich weniger los als im Sommer, doch was weiß der Mitteleuropäer schon übers Turskidåkning – Skiwandern im kapriziösen arktischen Winter?","On skis through Sweden: A tour for all fells. There is significantly less going on in the Swedish Jämtland Triangle in winter than in summer, but what does the Central European know about Turskidåkning – ski hiking in the capricious Arctic winter?","In skis per Sueciam: Pretium pro omnibus fellibus. Signanter minus agitur in Triangulo Suecica Jämtland hieme quam aestate, sed quid scit Central Europae de Turskidåkning - ski hiking in levis arctica hieme?",2026-02-09 11:02:07+00:00
8f1691a309dff91ab3903393891c2d54,2026-02-03T13:12:49Z,'Winter',www.zeit.de,de,0.9,Hauptstadt: Berlin im Krisenmodus: Erst kein Strom und dann noch Winter,Hier finden Sie Informationen zu dem Thema „Hauptstadt“. Lesen Sie jetzt „Berlin im Krisenmodus: Erst kein Strom und dann noch Winter“.,https://www.zeit.de/news/2026-02/03/berlin-im-krisenmodus-erst-kein-strom-und-dann-noch-winter,https://img.zeit.de/news/2026-02/03/berlin-im-krisenmodus-erst-kein-strom-und-dann-noch-winter-image-group/wide__1300x731,http://web.archive.org/web/20260203133827/https://www.zeit.de/news/2026-02/03/berlin-im-krisenmodus-erst-kein-strom-und-dann-noch-winter,"Das neue Jahr hat den Menschen in Berlin schon viel abverlangt. Kaum war der alljährliche Böllerwahnsinn zu Silvester abgeklungen, fiel der Strom aus: Nach einem wohl von Linksextremisten begangenen … [+4992 chars]",,Hauptstadt: Berlin im Krisenmodus: Erst kein Strom und dann noch Winter. Hier finden Sie Informationen zu dem Thema „Hauptstadt“. Lesen Sie jetzt „Berlin im Krisenmodus: Erst kein Strom und dann noch Winter“.,Capital: Berlin in crisis mode: First no electricity and then winter. Here you will find information on the topic of “Capital”. Now read “Berlin in crisis mode: First no electricity and then winter”.,"Capital: Berlin in crisi modo: Primum non electricitatem et deinde hiemem. Hic informationes invenies in argumento ""Capitalis"". Nunc legitur ""Berlin in modo discriminis: Primum non electricitatem et deinde hiemem"".",2026-02-09 20:52:52+00:00
8b558d099b093efa51a7a9d95b06a5f1,2026-02-03T15:57:51Z,'Winter',www.zeit.de,de,0.9,Glätte-Gefahr steigt wieder: Neuer Eisregen erwartet - Winter erschwert weiter den Alltag,Hier finden Sie Informationen zu dem Thema „Glätte-Gefahr steigt wieder“. Lesen Sie jetzt „Neuer Eisregen erwartet - Winter erschwert weiter den Alltag“.,https://www.zeit.de/news/2026-02/03/neuer-eisregen-erwartet-winter-erschwert-weiter-den-alltag,https://img.zeit.de/news/2026-02/03/neuer-eisregen-erwartet-winter-erschwert-weiter-den-alltag-image-group/wide__1300x731,http://web.archive.org/web/20260203162334/https://www.zeit.de/news/2026-02/03/neuer-eisregen-erwartet-winter-erschwert-weiter-den-alltag,"Wer angesichts teils freigeräumter Wege aufgeatmet hat, sollte weiter vorsichtig bleiben: Bis zum Wochenende zeigt sich der Winter in Berlin und Brandenburg weiter auch von gefährlichen Seiten. Am Do… [+3357 chars]",,Glätte-Gefahr steigt wieder: Neuer Eisregen erwartet - Winter erschwert weiter den Alltag. Hier finden Sie Informationen zu dem Thema „Glätte-Gefahr steigt wieder“. Lesen Sie jetzt „Neuer Eisregen erwartet - Winter erschwert weiter den Alltag“.,The risk of slippery conditions is increasing again: new freezing rain is expected - winter makes everyday life even more difficult. Here you will find information on the topic “Slippery risk is increasing again”. Read now “New freezing rain expected – winter continues to make everyday life more difficult”.,"Periculum condiciones lubricae iterum crescit: novus imber exspectatur congelatio - hiems vitam cotidianam difficiliorem reddit. Hic informationes invenies in themate ""Periculo lubrico iterum augetur"". Lege nunc ""Novum frigidum imbrem expectatum - hiems difficilius vitam cotidianam facere pergit"".",2026-02-09 20:52:52+00:00
3df5d82b983ffad0ceda54a9a3522704,2026-02-05T10:58:10Z,'Winter',www.zeit.de,de,0.9,Winter in MV: Glätte: Schüler in Vorpommern sollen schon nach Hause fahren,Hier finden Sie Informationen zu dem Thema „Winter in MV“. Lesen Sie jetzt „Glätte: Schüler in Vorpommern sollen schon nach Hause fahren“.,https://www.zeit.de/news/2026-02/05/glaette-schueler-in-vorpommern-sollen-schon-nach-hause-fahren,https://img.zeit.de/news/2026-02/05/glaette-schueler-in-vorpommern-sollen-schon-nach-hause-fahren-image-group/wide__1300x731,http://web.archive.org/web/20260206064817/https://www.zeit.de/news/2026-02/05/glaette-schueler-in-vorpommern-sollen-schon-nach-hause-fahren,"Wegen der winterlichen Straßenverhältnisse sollen Schüler und Schülerinnen in Vorpommern-Greifswald vorsorglich nach Hause fahren. Die Verkehrsgesellschaft Vorpommern-Greifswald (VVG) bittet sie, die… [+541 chars]",,Winter in MV: Glätte: Schüler in Vorpommern sollen schon nach Hause fahren. Hier finden Sie Informationen zu dem Thema „Winter in MV“. Lesen Sie jetzt „Glätte: Schüler in Vorpommern sollen schon nach Hause fahren“.,Winter in MV: Slippery conditions: Students in Western Pomerania should go home. Here you will find information on the topic “Winter in MV”. Read “Slippery: Students in Western Pomerania should go home” now.,"Hiems in MV: conditiones lubricae: Discipuli in Pomerania occidentali domum eant. Hic informationes invenies de argumento ""Hiemalis in MV"". Read “Slippery: Students in Western Pomerania should go home” now.",2026-02-09 20:52:52+00:00
